hostname,count
10.146.6.81,28
192.16.18.219,4449
193.30.112.23,2
195.173.31.13,153
210.101.116.102,132
216.147.118.138,1
217.169.41.219,31
218.241.137.59,1
219.238.6.197,39
219.238.6.200,3634
2657.indexcopernicus.com,191
aac.asm.org,8937
aace.metapress.com,321
aamr.allenpress.com,184
aapgrandrounds.aappublications.org,1871
aas.aanda.org,1
aas.sagepub.com,1127
abbs.oxfordjournals.org,864
abm.digitaljournals.org,17
abs.sagepub.com,3991
academypublisher.com,459
acb.rsmjournals.com,1436
accperspectives.asha.org,26
ach.sagepub.com,428
acikarsiv.ankara.edu.tr,10
acn.oxfordjournals.org,4273
acrh.revues.org,121
acsm.revuesonline.com,331
acta.zbs.bialowieza.pl,8
actachemscand.org,16494
actavet.vfu.cz,1320
acter.metapress.com,158
adaptation.oxfordjournals.org,54
adb.sagepub.com,392
adc.bmj.com,21217
adc.bmjjournals.com,5
adh.sagepub.com,428
admin.apsnet.org,1
adr.sagepub.com,419
adsabs.harvard.edu,66549
adv.medicaljournals.se,648
aee.metapress.com,96
aei.sagepub.com,646
aem.asm.org,11623
aepia.aic.uniovi.es,1
aepp.oxfordjournals.org,857
aeq.sagepub.com,2340
aer.sagepub.com,1963
aes.sagepub.com,1532
aespa.revistas.csic.es,153
aff.sagepub.com,1303
afraf.oupjournals.org,396
afraf.oxfordjournals.org,549
afriques.revues.org,18
afs.allenpress.com,5
afs.sagepub.com,2141
afsjournals.org,110
ageing.oxfordjournals.org,3319
aghist.metapress.com,113
agron.scijournals.org,54
ahh.sagepub.com,223
aim.bmj.com,1271
aja.asha.org,245
aja.sagepub.com,1605
ajae.oxfordjournals.org,17218
ajc.sagepub.com,106
ajcc.aacnjournals.org,242
ajcp.ascpjournals.org,2605
ajcp.metapress.com,1034
aje.oupjournals.org,1754
aje.oxfordjournals.org,2543
aje.sagepub.com,1907
ajgp.psychiatryonline.org,602
ajh.sagepub.com,2443
ajhpcontents.org,283
ajl.sagepub.com,369
ajm.sagepub.com,1202
ajot.aotapress.net,747
ajp.psychiatryonline.org,6556
ajpadvan.physiology.org,470
ajpcell.physiology.org,2638
ajpendo.physiology.org,2468
ajpgi.physiology.org,2214
ajph.aphapublications.org,759
ajpheart.physiology.org,4897
ajplung.physiology.org,2049
ajpregu.physiology.org,3333
ajprenal.physiology.org,2667
ajrccm.atsjournals.org,3844
ajrcmb.atsjournals.org,1651
ajs.uwpress.org,204
ajslp.asha.org,381
alanguttmacher.org,5
aler.oupjournals.org,108
aler.oxfordjournals.org,106
alh.oupjournals.org,25
alh.oxfordjournals.org,792
alh.sagepub.com,243
alrr.oxfordjournals.org,416
als.dukejournals.org,242
alsic.revues.org,82
alzres.com,48
americanliterature.dukejournals.org,1161
americanspeech.dukejournals.org,590
amerika.revues.org,56
amj.net.au,3
ammin.geoscienceworld.org,1498
amnis.revues.org,131
ampe.allenpress.com,96
amrx.oxfordjournals.org,74
ams.allenpress.com,52
anakarder.com,78
analusis.edpsciences.org,472
analysis.oxfordjournals.org,493
ang.sagepub.com,6664
anj.sagepub.com,1649
anm.sagepub.com,133
ann.sagepub.com,30663
annals.math.princeton.edu,515
anneemaghreb.revues.org,184
annhyg.oupjournals.org,529
annhyg.oxfordjournals.org,2775
annonc.oupjournals.org,1583
annonc.oxfordjournals.org,3781
annuaire-cdf.revues.org,217
ant.sagepub.com,317
anthro.annualreviews.org,236
anthropologiesante.revues.org,7
ao4elt.edpsciences.org,91
aob.oupjournals.org,2438
aob.oxfordjournals.org,1715
aobplants.oxfordjournals.org,34
aoj.uwpress.org,306
ap.psychiatryonline.org,979
apa.sagepub.com,3876
apex.ipap.jp,968
apex.jsap.jp,200
aph.sagepub.com,74
apj.sagepub.com,1557
apm.sagepub.com,1526
app.psychonomic-journals.org,306
applij.oupjournals.org,658
applij.oxfordjournals.org,340
apr.sagepub.com,1033
apsjournals.apsnet.org,11158
apt.rcpsych.org,1186
ar.rsmjournals.com,2254
arbor.revistas.csic.es,1047
arbs.biblioteca.unesp.br,74
archderm.ama-assn.org,16889
archfaci.ama-assn.org,1270
archfami.ama-assn.org,1202
archinte.ama-assn.org,17883
archive.pepublishing.com,22523
archneur.ama-assn.org,5236
archopht.ama-assn.org,3545
archotol.ama-assn.org,2638
archpedi.ama-assn.org,2505
archpsyc.ama-assn.org,2352
archsurg.ama-assn.org,4344
ard.bmj.com,13121
ard.bmjjournals.com,12
arheologija.ff.uni-lj.si,23
arj.sagepub.com,229
arjournals.annualreviews.org,1338
arp.sagepub.com,1602
arqarqt.revistas.csic.es,24
ars.sagepub.com,60
arthritis-research.com,3076
article.psychiatrist.com,5219
article.pubs.nrc-cnrc.gc.ca,46739
articleworks.cadmus.com,27
articulo.revues.org,45
arxiv.org,489
ascp.metapress.com,545
asees.water-quality-journal.org,89
asj.sagepub.com,1972
asm.sagepub.com,605
asp.ammonsscientific.com,12051
asp.revues.org,212
asr.sagepub.com,360
assr.revues.org,351
ast.sagepub.com,8
asterion.revues.org,63
astro.annualreviews.org,202
atalaya.revues.org,55
ateliers.revues.org,88
atvb.ahajournals.org,4041
aum.sagepub.com,602
aut.sagepub.com,661
avmajournals.avma.org,7343
ba.stat.cmu.edu,242
banglajol.info,626
bas.sagepub.com,756
baywood.metapress.com,16975
bcn.sagepub.com,62
bcpg.geoscienceworld.org,332
bcq.sagepub.com,2434
beheco.oxfordjournals.org,552
bellwether.metapress.com,2159
benthamscience.com,3969
bfgp.oxfordjournals.org,349
bib.oxfordjournals.org,633
bio.sagepub.com,26
bio.sophiapublisher.com,32
biochem.annualreviews.org,401
bio-complexity.org,4
biohorizons.oxfordjournals.org,85
bioinformatics.oxfordjournals.org,1308
biology.plosjournals.org,2154
biomed.papers.upol.cz,24
biomedgerontology.oxfordjournals.org,756
biomet.oupjournals.org,768
biomet.oxfordjournals.org,5934
biophys.annualreviews.org,264
biostatistics.oupjournals.org,241
biostatistics.oxfordjournals.org,360
bir.sagepub.com,1084
BJ.ITAL.SP.GOV.BR,1
bja.oxfordjournals.org,13186
bjaesthetics.oupjournals.org,473
bjaesthetics.oxfordjournals.org,3155
bjarev.oupjournals.org,84
bjarev.oxfordjournals.org,314
bjc.oupjournals.org,503
bjc.oxfordjournals.org,511
bjft.ital.sp.gov.br,10
bji.sagepub.com,457
bjo.bmj.com,17056
bjo.bmjjournals.com,3303
bjp.rcpsych.org,36411
bjps.oupjournals.org,501
bjps.oxfordjournals.org,2890
bjr.birjournals.org,22476
bjr.sagepub.com,1428
bjsm.bmj.com,5535
bjsw.oupjournals.org,715
bjsw.oxfordjournals.org,1082
blackwell-synergy.com,14
blms.oxfordjournals.org,4926
bmb.oupjournals.org,248
bmb.oxfordjournals.org,216
bmj.org,32
bmjopen.bmj.com,13
bmo.sagepub.com,1234
bms.sagepub.com,1297
bna.birds.cornell.edu,743
bod.sagepub.com,485
bookshop.iseas.edu.sg,2750
bos.sagepub.com,44
boundary2.dukejournals.org,463
brain.oxfordjournals.org,8248
breast-cancer-research.com,2701
brief-treatment.oxfordjournals.org,11
brm.psychonomic-journals.org,94
brn.sagepub.com,407
bse.sagepub.com,856
BSG002434,47
bsgf.geoscienceworld.org,536
bsj.pitt.edu,16
bssa.geoscienceworld.org,1258
bst.portlandpress.com,597
bst.sagepub.com,3225
btb.sagepub.com,1431
bul.sagepub.com,14831
bybil.oxfordjournals.org,432
caaa.metapress.com,57
cabn.psychonomic-journals.org,278
cac.sagepub.com,975
cad.sagepub.com,3067
caliber.ucpress.net,20235
californiaagriculture.ucanr.org,597
cameraobscura.dukejournals.org,259
camqtly.oupjournals.org,333
camqtly.oxfordjournals.org,979
can.sagepub.com,156
cancerpreventionresearch.aacrjournals.org,770
cancerres.aacrjournals.org,17929
canmin.geoscienceworld.org,1162
caonline.amcancersoc.org,3540
cap.sagepub.com,469
car.sagepub.com,68
carcin.oxfordjournals.org,6325
cardenjennings.metapress.com,873
cardiovascres.oxfordjournals.org,9715
care.diabetesjournals.org,11329
careersadmin.aaas.org,1
carlyleletters.dukejournals.org,6158
cas.sagepub.com,92
casereports.bmj.com,2376
casesjournal.com,25
cat.sagepub.com,1250
cb.oxfordjournals.org,296
cbi.sagepub.com,133
cbr.sagepub.com,2178
cccc.uochb.cas.cz,6102
ccec.revues.org,111
ccforum.com,8359
ccj.sagepub.com,741
ccl.sagepub.com,16
ccm.sagepub.com,219
ccn.aacnjournals.org,154
ccp.sagepub.com,1079
ccr.sagepub.com,753
ccrh.revues.org,369
ccs.sagepub.com,250
cde.sagepub.com,566
cdj.oupjournals.org,287
cdj.oxfordjournals.org,2404
cdli.asm.org,2799
cdp.sagepub.com,1076
cdq.sagepub.com,640
cdy.sagepub.com,451
ce.rsmjournals.com,254
cebp.aacrjournals.org,3245
ced.sagepub.com,68
cel.sagepub.com,1711
cellbio.annualreviews.org,208
cem.revues.org,510
cep.sagepub.com,3806
cer.sagepub.com,480
ceramicayvidrio.revistas.csic.es,7
cercor.oxfordjournals.org,320
cerealchemistry.aaccnet.org,1950
cerri.revues.org,34
cesifo.oxfordjournals.org,223
cest.allenpress.com,74
ceta.mit.edu,16
cgb.indiana.edu,18
cgj.sagepub.com,969
champpenal.revues.org,148
chc.sagepub.com,513
chd.sagepub.com,527
chemse.oxfordjournals.org,1101
chi.sagepub.com,246
chinese.sophiapublisher.com,74
chinesejil.oupjournals.org,17
chinesejil.oxfordjournals.org,270
chiromt.com,9
chp.sagepub.com,585
chr.sagepub.com,2085
chretienssocietes.revues.org,76
chs.revues.org,225
cid.oxfordjournals.org,20205
cigjournals.metapress.com,3008
cin.sagepub.com,1410
circ.ahajournals.org,12278
circep.ahajournals.org,317
circgenetics.ahajournals.org,241
circheartfailure.ahajournals.org,336
circimaging.ahajournals.org,299
circinterventions.ahajournals.org,277
circoutcomes.ahajournals.org,275
circres.ahajournals.org,4158
cis.sagepub.com,1707
cit.zesoi.fer.hr,297
civilisations.revues.org,246
cjasn.asnjournals.org,1499
cjb.sagepub.com,1513
cje.oupjournals.org,347
cje.oxfordjournals.org,386
cjip.oxfordjournals.org,82
cjp.sagepub.com,476
cjr.sagepub.com,2017
cjres.oxfordjournals.org,109
cjs.sagepub.com,305
cla.sagepub.com,1036
clincancerres.aacrjournals.org,7423
clinical.diabetesjournals.org,424
clinicalschizophrenia.metapress.com,133
clinicaltrials.ploshubs.org,67
clinicaltrials.plosjournals.org,1
clio.revues.org,757
clp.oxfordjournals.org,293
clt.sagepub.com,999
cmc.sagepub.com,223
cmlj.oxfordjournals.org,193
cmos.metapress.com,221
cmp.sagepub.com,206
cmr.asm.org,444
cmx.sagepub.com,520
cnc.sagepub.com,1541
cnr.sagepub.com,528
coa.sagepub.com,799
cognitextes.revues.org,17
collectaneabotanica.revistas.csic.es,98
com.revues.org,242
combul.oupjournals.org,1227
comjnl.oupjournals.org,4222
comjnl.oxfordjournals.org,638
commonknowledge.dukejournals.org,748
communication.revues.org,66
community.sciencecareers.org,6
comonca.org.cn,98
comparativelaw.metapress.com,146
complit.dukejournals.org,381
con.sagepub.com,728
confins.revues.org,128
connection2.ebscohost.com,194
content.apa.org,114225
content.healthaffairs.org,6325
content.nejm.org,18
content.the-jci.org,116
content.wkhealth.com,1236701
contextes.revues.org,86
cor.sagepub.com,18
cos.sagepub.com,2091
cpcj.allenpress.com,138
cpe.oupjournals.org,61
cpe.oxfordjournals.org,57
cpj.sagepub.com,8676
cpr.sagepub.com,1386
cps.sagepub.com,1373
cpt.sagepub.com,614
cq.oupjournals.org,323
cq.oxfordjournals.org,38
cqx.sagepub.com,4334
cr.oupjournals.org,848
cr.rsmjournals.com,862
cr3.crossref.org,2
crc.sagepub.com,74
crcv.revues.org,35
crd.sagepub.com,173
cre.sagepub.com,1273
crj.oxfordjournals.org,22
crj.sagepub.com,382
cro.sagepub.com,299
crocontent.highwire.org,36
crop.scijournals.org,52
crossref.org,1
crs.sagepub.com,1710
crw.sagepub.com,1277
crx.sagepub.com,1228
cs.portlandpress.com,949
csc.sagepub.com,378
cshperspect.cshlp.org,1
cshperspectives.cshlp.org,303
csi.sagepub.com,1584
csp.sagepub.com,1369
cssaame.dukejournals.org,921
cswe.metapress.com,230
csx.sagepub.com,3090
ct.oupjournals.org,4
ctj.sagepub.com,490
ctr.sagepub.com,628
ctx.sagepub.com,723
cus.sagepub.com,160
cvm.controlled-trials.com,136
cww.oxfordjournals.org,96
da.journal.informs.org,141
das.sagepub.com,1060
database.oxfordjournals.org,66
datacorp.petris.com,4921
db.doyma.es,3967
dcm.sagepub.com,143
ddi.icpsr.umich.edu,10
deleted.doi.org,18
dem.sagepub.com,366
deposit.crossref.org,5
dergiler.ankara.edu.tr,9
dev.biologists.org,4095
dev.wormbook.org,1
developer.intel.com,27
dhg.sagepub.com,28
diabetes.diabetesjournals.org,10256
diabeticfootandankle.net,14
diagnosisp.com,24
diaRnet.metapress.com,31
differences.dukejournals.org,236
digital.library.ptsem.edu,22
dio.sagepub.com,1918
dirjournal.org,153
dis.sagepub.com,532
discours.revues.org,35
div10perspectives.asha.org,145
div11perspectives.asha.org,311
div12perspectives.asha.org,258
div13perspectives.asha.org,370
div14perspectives.asha.org,161
div15perspectives.asha.org,117
div16perspectives.asha.org,250
div1perspectives.asha.org,288
div2perspectives.asha.org,314
div3perspectives.asha.org,192
div4perspectives.asha.org,256
div5perspectives.asha.org,98
div6perspectives.asha.org,84
div7perspectives.asha.org,54
div8perspectives.asha.org,37
div9perspectives.asha.org,153
dl.acs.org.au,38
dmd.aspetjournals.org,2554
dmfr.birjournals.org,716
dmm.biologists.org,398
dms.sagepub.com,162
dn.revuesonline.com,209
dnaresearch.oxfordjournals.org,668
doi.aapg.org,21062
doi.aiaa.org,50567
doi.apa.org,123242
doi.crossref.org,5
doi.editoracubo.com.br,485
doi.wiley.com,4903803
doi.wileynpt.com,527
dose-response.metapress.com,269
dossiersgrihl.revues.org,47
downloads.hindawi.com,13
dps.sagepub.com,498
ds.revuesonline.com,201
dspace.lib.cranfield.ac.uk,5
dtb.bmj.com,459
dtb.highwire.org,133
dvd.sagepub.com,638
dvr.sagepub.com,285
dx.doi.org,4
dx.plos.org,26233
dx-stage.plos.org,4
eab.sagepub.com,1632
eaq.sagepub.com,1533
earth.annualreviews.org,237
eau.sagepub.com,831
ebd.sagepub.com,60
ebm.bmj.com,2067
ebm.rsmjournals.com,615
ebmh.bmj.com,1601
ebn.bmj.com,1566
ebx.sagepub.com,470
ec.asm.org,1758
ecam.oupjournals.org,8
ecam.oxfordjournals.org,143
ecc.sagepub.com,132
ecl.dukejournals.org,277
ecl.sagepub.com,199
eco.confex.com,1
ecolsys.annualreviews.org,263
econgeol.geoscienceworld.org,9163
economicgeology.org,50
ecotoxbrasil.org.br,62
ecr.sagepub.com,185
ecs.sagepub.com,433
edq.sagepub.com,743
edr.sagepub.com,3727
edrv.endojournals.org,1212
educationbook.aacrjournals.org,125
eeg.geoscienceworld.org,325
e-eht.org,5
e-elgar.metapress.com,26
eep.sagepub.com,676
egsp.lyellcollection.org,753
ehe.pitt.edu,14
ehp.niehs.nih.gov,421
ehp.sagepub.com,984
ehpnet1.niehs.nih.gov,3
ehponline.org,1
ehq.sagepub.com,2817
ehr.oupjournals.org,4142
ehr.oxfordjournals.org,37998
ei.oxfordjournals.org,4
eic.oupjournals.org,294
eic.oxfordjournals.org,2195
eid.sagepub.com,1201
eja.sagepub.com,463
ejas.revues.org,104
ejc.revuesonline.com,507
ejc.sagepub.com,1274
ejcm.revuesonline.com,77
ejd.sagepub.com,337
ejece.revuesonline.com,227
ejechocard.oxfordjournals.org,3557
ejee.revuesonline.com,71
ejh.pagepress.org,14
ejil.oupjournals.org,429
ejil.oxfordjournals.org,415
ejo.oupjournals.org,801
ejo.oxfordjournals.org,958
ejt.sagepub.com,377
ejw.sagepub.com,732
elements.geoscienceworld.org,551
elprofesionaldelainformacion.metapress.com,970
elpub.wdcb.ru,277
elt.metapress.com,58
eltj.oupjournals.org,1106
eltj.oxfordjournals.org,3417
em.oupjournals.org,662
em.oxfordjournals.org,3949
ema.sagepub.com,1484
eme.sagepub.com,41
emerita.revistas.csic.es,307
emf.sagepub.com,118
emg.geoscienceworld.org,155
emj.bmj.com,5781
eml.kim.or.kr,33
emr.sagepub.com,154
emscat.revues.org,70
endo.endojournals.org,37905
energy.annualreviews.org,206
eng.sagepub.com,778
eng.tethys.cat,34
english.oxfordjournals.org,136
entc.allenpress.com,5264
enth.allenpress.com,1
ento.annualreviews.org,322
envhis.oxfordjournals.org,1539
enx.sagepub.com,37
ep.bmj.com,250
ep.physoc.org,870
epa.sagepub.com,1030
epe.sagepub.com,349
epirev.oupjournals.org,58
epirev.oxfordjournals.org,66
epm.sagepub.com,7014
eproceedings.worldscinet.com,46009
ept.sagepub.com,294
epub.oeaw.ac.at,27
epx.sagepub.com,889
er.uwpress.org,655
erae.oupjournals.org,273
erae.oxfordjournals.org,1169
erc.endocrinology-journals.org,1050
erea.revues.org,210
erevista.aepia.org,428
erj.ersjournals.com,4426
erm.ersjournals.com,349
err.ersjournals.com,287
erx.sagepub.com,1176
es.oupjournals.org,485
es.oxfordjournals.org,696
esameetings.allenpress.com,1
eshremonographs.oupjournals.org,97
eshremonographs.oxfordjournals.org,33
esj.sagepub.com,91
esp.sagepub.com,725
espacepolitique.revues.org,91
e-spania.revues.org,162
esr.oupjournals.org,182
esr.oxfordjournals.org,369
essays.biochemistry.org,101
est.sagepub.com,413
estudiosgeograficos.revistas.csic.es,225
estudiosgeol.revistas.csic.es,755
eth.sagepub.com,227
ethnohistory.dukejournals.org,894
etn.sagepub.com,292
etrij.etri.re.kr,1202
etudes-benthamiennes.revues.org,43
etudescaribeennes.revues.org,137
eua.sagepub.com,23
euc.sagepub.com,159
eudl.eu,1172
eup.sagepub.com,247
eur.sagepub.com,581
eurheartj.oupjournals.org,275
eurheartj.oxfordjournals.org,3639
eurheartjsupp.oupjournals.org,49
eurheartjsupp.oxfordjournals.org,350
eurjhf.oxfordjournals.org,3946
eurjhfsupp.oxfordjournals.org,36
europace.oxfordjournals.org,1981
eurp.books.officelive.com,80
eurpub.oupjournals.org,1041
eurpub.oxfordjournals.org,1732
eus.sagepub.com,1342
evi.sagepub.com,568
exm.sagepub.com,128
ext.sagepub.com,20893
extra.shu.ac.uk,49
fairmontpress.metapress.com,254
fampra.oxfordjournals.org,1465
faoj.wordpress.com,84
fap.sagepub.com,1109
fas.sagepub.com,230
fb.eage.org,549
fbr.sagepub.com,740
fcr.sagepub.com,9
fcx.sagepub.com,101
fg.bmj.com,82
fh.oupjournals.org,434
fh.oxfordjournals.org,1176
fhs.dukejournals.org,416
fireecology.net,109
fla.sagepub.com,830
fluid.annualreviews.org,232
fmls.oupjournals.org,1955
fmls.oxfordjournals.org,1786
fmx.sagepub.com,449
fn.bmj.com,2605
fn.bmjjournals.com,7
foa.sagepub.com,611
foo,10
forestry.oupjournals.org,458
forestry.oxfordjournals.org,2667
framespa.revues.org,66
frc.sagepub.com,517
frontiersin.org,2785
fs.oupjournals.org,13390
fs.oxfordjournals.org,11940
fsb.oupjournals.org,21
fsb.oxfordjournals.org,237
fst.sagepub.com,991
fth.sagepub.com,689
ftp.stat.duke.edu,1
fty.sagepub.com,367
gac.sagepub.com,144
galileo.atypon.com,2
gan.sagepub.com,114
gaq.sagepub.com,2326
gas.sagepub.com,1567
gateway.ovid.com,118066
gaz.sagepub.com,1874
gbe.oxfordjournals.org,168
gbr.sagepub.com,324
gcq.sagepub.com,1304
geea.geoscienceworld.org,228
geea.lyellcollection.org,67
genesdev.cshlp.org,750
genet.annualreviews.org,266
genetics.plosjournals.org,7
genome.cshlp.org,535
genomebiology.com,2570
genomemedicine.com,190
geo.revuesonline.com,215
geodinamica.revuesonline.com,164
geology.gsapubs.org,2341
geosphere.gsapubs.org,311
geronj.oxfordjournals.org,85
gerontologist.oxfordjournals.org,413
ges.revuesonline.com,161
gh.oxfordjournals.org,2807
ghj.sagepub.com,1030
giam.zrc-sazu.si,82
gladius.revistas.csic.es,192
glq.dukejournals.org,580
glycob.oxfordjournals.org,773
gmc.sagepub.com,244
gmt.sagepub.com,281
gom.sagepub.com,1309
goo.gl,2
gos.sagepub.com,19
gpi.sagepub.com,418
gr.oupjournals.org,209
gr.oxfordjournals.org,17
graellsia.revistas.csic.es,168
grasasyaceites.revistas.csic.es,1008
greentheoryandpraxis.ecopedagogy.org,9
gsabulletin.gsapubs.org,56
gsp.sagepub.com,315
gss.revues.org,92
gtd.sagepub.com,466
gut.bmj.com,16092
gut.bmjjournals.com,5
guttmacher.org,51
hahr.dukejournals.org,1977
haworthpress.com,14374
hdl.handle.net,7484
hea.sagepub.com,402
heapol.oxfordjournals.org,708
heapro.oxfordjournals.org,544
heart.bmj.com,14606
heart.bmjjournals.com,5
heartasia.bmj.com,29
heb.sagepub.com,1748
hej.sagepub.com,4170
heldref.metapress.com,2041
her.oxfordjournals.org,812
het.sagepub.com,3421
hfs.sagepub.com,752
hgs.oupjournals.org,317
hgs.oxfordjournals.org,1124
hhc.sagepub.com,1686
hhs.sagepub.com,941
hii.rsmjournals.com,21
hij.sagepub.com,568
hip.sagepub.com,404
histoire-cnrs.revues.org,320
histoire-education.revues.org,180
histoiremesure.revues.org,147
hjb.sagepub.com,981
hmg.oxfordjournals.org,1800
hol.sagepub.com,1308
home.izum.si,403
hope.dukejournals.org,2511
hpc.sagepub.com,746
hpp.sagepub.com,839
hpq.sagepub.com,1313
hpy.sagepub.com,929
hrcak.srce.hr,27
hrd.sagepub.com,197
hrlr.oxfordjournals.org,272
hsa.sagepub.com,6
hsb.sagepub.com,229
hsmr.rsmjournals.com,271
hsx.sagepub.com,283
ht.rsmjournals.com,49
hts.org.za,2
http,189
hum.sagepub.com,3403
humupd.oupjournals.org,621
humupd.oxfordjournals.org,369
hw.oeaw.ac.at,2255
hwj.oupjournals.org,400
hwj.oxfordjournals.org,1755
hwmaint.genre.dukejournals.org,262
hwmaint.lofe.dukejournals.org,1
hwmaint.minnesotareview.dukejournals.org,274
hwmaint.sph.sagepub.com,1
hyper.ahajournals.org,4577
i2m.revuesonline.com,15
iab.sagepub.com,204
iafss.haifire.com,938
iai.asm.org,9590
ibe.sagepub.com,1155
icb.oxfordjournals.org,4363
icc.oupjournals.org,254
icc.oxfordjournals.org,411
icesjms.oxfordjournals.org,4258
icj.sagepub.com,800
iclq.oupjournals.org,138
iclq.oxfordjournals.org,4670
icon.oupjournals.org,30
icon.oxfordjournals.org,299
ics.sagepub.com,459
ict.sagepub.com,439
icu.sagepub.com,50
icvts.ctsnetjournals.org,2628
idv.sagepub.com,1252
ieeexplore.ieee.org,2277072
iehmtu.edata-center.com,1529
ier.sagepub.com,1829
ietcom.oxfordjournals.org,11
ietele.oxfordjournals.org,16
ietfec.oupjournals.org,1
ietfec.oxfordjournals.org,17
ietisy.oxfordjournals.org,56
ifl.sagepub.com,2607
ihr.sagepub.com,49
iif.com.tr,46
ijas.pagepress.org,1586
ijb.sagepub.com,362
ijcaonline.org,161
ijcp.rsmjournals.com,57
ijd.sagepub.com,438
ijdc.net,23
ije.oxfordjournals.org,4009
ijfp.revuesonline.com,172
ijg.sagepub.com,555
ijl.oupjournals.org,384
ijl.oxfordjournals.org,485
ijl.sagepub.com,350
ijlct.oxfordjournals.org,167
ijlit.oupjournals.org,166
ijlit.oxfordjournals.org,136
ijm.sagepub.com,941
ijmms.hindawi.com,1
ijo.sagepub.com,1877
ijpor.oupjournals.org,312
ijpor.oxfordjournals.org,597
ijr.sagepub.com,1620
ijra.univpm.it,6
ijrl.oupjournals.org,448
ijrl.oxfordjournals.org,713
ijs.sagepub.com,1215
ijs.sgmjournals.org,8960
ijsa.rsmjournals.com,3117
ijt.sagepub.com,1986
ijtj.oxfordjournals.org,152
ijtmb.com,5
ijtmb.org,10
ilj.oupjournals.org,336
ilj.oxfordjournals.org,1666
imaging.birjournals.org,155
imaman.oupjournals.org,225
imaman.oxfordjournals.org,380
imamat.oupjournals.org,310
imamat.oxfordjournals.org,1763
imamci.oupjournals.org,242
imamci.oxfordjournals.org,555
imammb.oupjournals.org,340
imammb.oxfordjournals.org,377
imanum.oupjournals.org,314
imanum.oxfordjournals.org,849
immunol.annualreviews.org,304
imp.sagepub.com,399
imrn.oxfordjournals.org,2090
imrp.oxfordjournals.org,49
imrs.oxfordjournals.org,4
informahealthcare.com,288967
informesdelaconstruccion.revistas.csic.es,584
inga.vgtu.lt,30
ini.sagepub.com,809
injuryprevention.bmj.com,2159
inpractice.bmj.com,2380
inscribe.iupress.org,3618
insightknowledge.co.uk,11
intangiblecapital.org,32
interfaces.journal.informs.org,3061
intimm.oxfordjournals.org,1433
intqhc.oupjournals.org,409
intqhc.oxfordjournals.org,978
intranet.gs.kku.ac.th,216
inva.allenpress.com,509
ioc.sagepub.com,1656
ioj.iee.org.uk,12
iospress.metapress.com,466
ip.bmj.com,844
i-perception.perceptionweb.com,21
ips.sagepub.com,967
ipsstgapp003.lwwonline.com,136
iqq.sagepub.com,82
ir.lib.uwo.ca,2
irap.oupjournals.org,95
irap.oxfordjournals.org,151
ire.sagepub.com,1517
irg.sagepub.com,15
irm.sagepub.com,68
irs.sagepub.com,1377
irx.sagepub.com,511
isb.sagepub.com,1435
isc.sagepub.com,3079
isi.revuesonline.com,282
isle.oxfordjournals.org,1808
isn.zrc-sazu.si,139
isp.sagepub.com,3225
isq.sagepub.com,2252
isr.journal.informs.org,606
iss.sagepub.com,1126
isw.sagepub.com,2659
italique.revues.org,78
itnow.oxfordjournals.org,674
itq.sagepub.com,2503
iufost.edpsciences.org,214
iupac.org,8767
jaa.sagepub.com,76
jaar.oupjournals.org,448
jaar.oxfordjournals.org,9871
jab.sagepub.com,2013
jac.oxfordjournals.org,5129
jacmp.org,130
jad.sagepub.com,746
jae.fp.expressacademic.org,1
jae.oupjournals.org,203
jae.oxfordjournals.org,252
jaf.sagepub.com,8
jafib.com,20
jag.sagepub.com,1056
jah.sagepub.com,782
jam.sagepub.com,1553
jama.ama-assn.org,67846
james.agu.org,5
jamia.bmj.com,755
jancl.revuesonline.com,181
jap.physiology.org,4607
jap.sagepub.com,368
japha.metapress.com,1182
japr.fass.org,254
jar.sagepub.com,843
jas.fass.org,2245
jas.sagepub.com,2407
jb.asm.org,10751
jb.oupjournals.org,509
jb.oxfordjournals.org,1250
jba.sagepub.com,505
jbc.sagepub.com,583
jbd.sagepub.com,922
jbiol.com,250
jbp.sagepub.com,677
jbr.sagepub.com,1050
jbs.sagepub.com,1413
jbt.sagepub.com,718
jbx.sagepub.com,1489
jca.sagepub.com,507
jcb.rupress.org,27
jcc.sagepub.com,1816
jcd.sagepub.com,999
jce.sagepub.com,1230
jcem.endojournals.org,30614
jch.sagepub.com,1665
jci.sagepub.com,651
jcl.sagepub.com,1428
jcle.oupjournals.org,7
jcle.oxfordjournals.org,181
jcm.asm.org,9945
jcm.sagepub.com,2752
jcmr-online.com,1663
jcn.sagepub.com,4296
jco.ascopubs.org,5135
jcp.bmj.com,17702
jcr.sagepub.com,2011
jcs.biologists.org,4440
jcs.oxfordjournals.org,240
jcs.sagepub.com,195
jcsl.oupjournals.org,116
jcsl.oxfordjournals.org,144
jcx.sagepub.com,410
jdao-journal.edpsciences.org,11
jdh.oupjournals.org,419
jdh.oxfordjournals.org,317
jdm.sagepub.com,3597
jdr.sagepub.com,14160
jds.revuesonline.com,213
jds.sagepub.com,197
jea.sagepub.com,946
jeb.biologists.org,5082
jeb.sagepub.com,877
jech.bmj.com,6776
jeclap.oxfordjournals.org,112
jed.sagepub.com,542
jeeg.geoscienceworld.org,187
jeg.oupjournals.org,14
jei.sagepub.com,925
jel.oupjournals.org,298
jel.oxfordjournals.org,444
jel.sagepub.com,192
jem.rupress.org,1
jen.sagepub.com,815
jep.sagepub.com,768
jep.textrum.com,13
jeq.scijournals.org,102
jes.sagepub.com,3421
jesa.revuesonline.com,402
jevt.allenpress.com,3
jevtonline.org,1812
jfa.arch.metu.edu.tr,49
jfe.sagepub.com,298
jfec.oupjournals.org,64
jfec.oxfordjournals.org,143
jffp.pitt.edu,415
jfh.sagepub.com,836
jfi.sagepub.com,1263
jfn.sagepub.com,495
jfprhc.bmj.com,1523
jfr.geoscienceworld.org,1153
jfs.sagepub.com,835
jftonline.org,9
jgi.camh.net,319
jgp.sagepub.com,597
jgs.lyellcollection.org,3831
jgslegacy.lyellcollection.org,4885
jhc.oupjournals.org,205
jhc.oxfordjournals.org,244
jhc.sagepub.com,7836
jhered.oupjournals.org,757
jhered.oxfordjournals.org,724
jhh.sagepub.com,191
jhi.sagepub.com,549
jhj.sagepub.com,111
jhl.sagepub.com,3461
jhm.sagepub.com,352
jhmas.oupjournals.org,437
jhmas.oxfordjournals.org,6531
jhn.sagepub.com,867
jhp.sagepub.com,1628
jhppl.dukejournals.org,2241
jhrp.oxfordjournals.org,60
jhs.oxfordjournals.org,73
jhs.sagepub.com,6340
jhsrp.rsmjournals.com,680
jht.sagepub.com,915
jhv.sagepub.com,313
jia.sagepub.com,309
jic.sagepub.com,759
jicj.oupjournals.org,340
jicj.oxfordjournals.org,504
jicp.rsmjournals.com,12
jid.oxfordjournals.org,26785
jid.sagepub.com,416
jidc.crs4.it,16
jids.oxfordjournals.org,35
jiel.oupjournals.org,351
jiel.oxfordjournals.org,270
jiem.org,19
jigpal.oupjournals.org,318
jigpal.oxfordjournals.org,496
jim.sagepub.com,1895
jiplp.oxfordjournals.org,1321
jir.sagepub.com,2865
jis.oupjournals.org,470
jis.oxfordjournals.org,809
jis.sagepub.com,1735
jit.sagepub.com,840
jiv.sagepub.com,1827
jjap.ipap.jp,37379
jjap.jsap.jp,596
jjco.oupjournals.org,1071
jjco.oxfordjournals.org,1143
jkms.org,1
jld.sagepub.com,68
jleo.oupjournals.org,183
jleo.oxfordjournals.org,196
jlms.oxfordjournals.org,7997
jlo.sagepub.com,806
jls.sagepub.com,908
jm.lyellcollection.org,613
jmb.inforang.com,130
jmb.or.kr,51
jmb.rsmjournals.com,219
jmbe.asm.org,123
jmbe.bme.ncku.edu.tw,79
jmcb.oxfordjournals.org,118
jmd.amjpathol.org,1
jmd.sagepub.com,817
jme.bmj.com,3207
jme.bmjjournals.com,1232
jme.endocrinology-journals.org,1706
jme.sagepub.com,1844
jmedicalcasereports.com,5
jmems.dukejournals.org,304
jmg.bmj.com,8889
jmg.bmjjournals.com,2
jmh.sagepub.com,199
jmi.sagepub.com,1144
jmicro.oupjournals.org,355
jmicro.oxfordjournals.org,355
jmk.sagepub.com,905
jmm.sagepub.com,551
jmm.sgmjournals.org,5920
jmp.oxfordjournals.org,598
jms.bmjjournals.com,31
jms.rsmjournals.com,490
jmt.dukejournals.org,153
jmt.sagepub.com,179
jn.nutrition.org,964
jn.physiology.org,5761
jnabs.allenpress.com,19
jnci.oxfordjournals.org,12566
jncicancerspectrum.oupjournals.org,230
jncicancerspectrum.oxfordjournals.org,1
jncimono.oxfordjournals.org,75
jncimonographs.oupjournals.org,12
jncimonographs.oxfordjournals.org,76
jnis.bmj.com,389
jnm.snmjournals.org,1363
jnnp.bmj.com,21375
jnt.sagepub.com,1337
job.sagepub.com,1968
joc.journal.informs.org,991
joc.oupjournals.org,15
joc.sagepub.com,269
joe.endocrinology-journals.org,13337
joe.sagepub.com,417
joeg.oxfordjournals.org,455
jognn.awhonn.org,24
joi.jlc.jst.go.jp,351762
joi.sagepub.com,11
jom.sagepub.com,1369
jop.ascopubs.org,757
jop.sagepub.com,2393
jorthod.maneyjournals.org,413
jos.oupjournals.org,128
jos.oxfordjournals.org,296
jos.sagepub.com,2873
josis.org,8
jot.sagepub.com,1703
jou.sagepub.com,483
journal.ajsm.org,5254
journal.chemistrycentral.com,107
journal.insciences.org,1
journal.ipb.ac.id,61
journal.managementinhealth.com,68
journal.nafo.int,430
journal.telospress.com,108
journal.transformativeworks.org,209
journal.unila.ac.id,12
journals.allenpress.com,4164
journals.ametsoc.org,78693
journals.bcdecker.com,2814
journals.cambridge.org,43
journals.cms.math.ca,49
journals.dartmouth.edu,82
journals.hil.unb.ca,10
journals.impan.pl,5737
journals.indexcopernicus.com,1
journals.kluweronline.com,131115
journals.math.tku.edu.tw,12
journals.naspa.org,653
journals.pepublishing.com,13480
journals.prous.com,4296
journals.prufrock.com,884
journals.royalsociety.org,19
journals.sfu.ca,1379
journals.witpress.com,298
journalsonline.tandf.co.uk,62234
jpa.sagepub.com,1241
jpart.oupjournals.org,141
jpart.oxfordjournals.org,319
jpc.sagepub.com,69
jpe.oxfordjournals.org,115
jpe.sagepub.com,1354
jped.com.br,63
jped.conectt.com.br,8
jpepsy.oxfordjournals.org,1668
jpet.aspetjournals.org,5265
jpf.sagepub.com,465
jpgcorp.petris.com,559
jph.sagepub.com,158
jphyscol.journaldephysique.org,7
jpl.sagepub.com,624
jpo.sagepub.com,1074
jpp.sagepub.com,892
jpr.sagepub.com,2839
jpr.scijournals.org,1
jps.library.utoronto.ca,26
jpsj.ipap.jp,33889
jpt.sagepub.com,241
jpubhealth.oxfordjournals.org,1226
jra.sagepub.com,538
jrc.sagepub.com,993
jri.sagepub.com,221
jrm.medicaljournals.se,578
jrm.sagepub.com,2312
jrma.oupjournals.org,26
jrma.oxfordjournals.org,155
jrn.sagepub.com,1293
jrosspub.metapress.com,214
jrp.sagepub.com,1968
jrs.oupjournals.org,405
jrs.oxfordjournals.org,669
jrsa.metapress.com,116
jrsm.rsmjournals.com,1601
jsa.sagepub.com,156
jsd.sagepub.com,191
jse.sagepub.com,399
jsedres.sepmonline.org,924
jsi.sagepub.com,494
jslhr.asha.org,1194
jsm.sagepub.com,301
jsn.sagepub.com,773
jsp.sagepub.com,279
jsr.sagepub.com,368
jss.oupjournals.org,398
jss.oxfordjournals.org,3360
jss.sagepub.com,791
jsw.sagepub.com,464
jtc.sagepub.com,513
jtd.sagepub.com,188
jte.sagepub.com,4948
jtopol.oxfordjournals.org,127
jtp.sagepub.com,515
jtr.sagepub.com,6322
jts.oupjournals.org,2248
jts.oxfordjournals.org,14452
jtt.rsmjournals.com,1868
juh.sagepub.com,1356
jurban.oupjournals.org,392
jurban.oxfordjournals.org,57
jvc.sagepub.com,1180
jvi.asm.org,16146
jvi.sagepub.com,1419
jvm.sagepub.com,484
jvmeonline.org,315
jwb.sagepub.com,64
jwelb.oxfordjournals.org,79
jxb.oxfordjournals.org,9959
kb.psi-structuralgenomics.org,144
koreascience.or.kr,48362
la.rsmjournals.com,2862
labinvest.uscapjournals.org,95
labmed.ascpjournals.org,1110
labmedicine.metapress.com,583
labmedonline.org,10
labor.dukejournals.org,662
lal.sagepub.com,495
lap.sagepub.com,1574
lapurdum.revues.org,223
las.sagepub.com,244
lawfam.oupjournals.org,183
lawfam.oxfordjournals.org,294
lb.psychonomic-journals.org,116
lch.sagepub.com,235
lcn.revuesonline.com,58
ldx.sagepub.com,4596
lea.sagepub.com,180
learnmem.cshlp.org,208
lebs.hbesj.org,9
lec.sagepub.com,1147
leobaeck.oxfordjournals.org,1878
lepr.allenpress.com,14
lettre-cdf.revues.org,255
lib.bioinfo.pl,12
lib.stat.cmu.edu,96
library.oupjournals.org,336
library.oxfordjournals.org,7602
library.queensu.ca,13
library.witpress.com,5511
link.aip.org,1493790
link.aps.org,487283
link.springer.de,13059
link.springer-ny.com,2181
linkinghub.elsevier.com,9976468
links.jstor.org,156505
lis.sagepub.com,1663
lisa.revues.org,389
lithosphere.geoscienceworld.org,16
lithosphere.gsapubs.org,74
litimag.oxfordjournals.org,877
litthe.oupjournals.org,405
litthe.oxfordjournals.org,826
liverpool.metapress.com,2038
lj.uwpress.org,348
llc.oupjournals.org,649
llc.oxfordjournals.org,627
logcom.oupjournals.org,456
logcom.oxfordjournals.org,822
lookup.sciencedirect.com,333
lpr.oupjournals.org,59
lpr.oxfordjournals.org,138
lrt.sagepub.com,1549
lshss.asha.org,382
ltj.sagepub.com,634
ltr.sagepub.com,392
lup.sagepub.com,1801
mansci.journal.informs.org,7296
mar.sagepub.com,84
marsjournal.org,3
materconstrucc.revistas.csic.es,456
matsci.annualreviews.org,240
mbe.oupjournals.org,668
mbe.oxfordjournals.org,1769
mbio.asm.org,99
mc.psychonomic-journals.org,115
mcb.asm.org,8668
mcfarland.metapress.com,650
mcq.sagepub.com,661
mcr.aacrjournals.org,861
mcr.sagepub.com,4598
mcs.sagepub.com,1782
mct.aacrjournals.org,2081
mcu.sagepub.com,243
mcx.sagepub.com,607
mdm.sagepub.com,2097
mec.sagepub.com,42
med.annualreviews.org,440
med-ed-online.net,27
medicine.plosjournals.org,4
medlaw.oupjournals.org,19
medlaw.oxfordjournals.org,398
medpet.journal.ipb.ac.id,19
medwelljournals.com,41
mej.sagepub.com,14709
mem.lyellcollection.org,589
memoirs.gsapubs.org,13
mend.endojournals.org,5129
mensstudies.metapress.com,728
mesharpe.metapress.com,24145
methodos.revues.org,147
mh.bmj.com,367
mhj.sagepub.com,241
mi.rsmjournals.com,603
mic.sgmjournals.org,16981
micro.annualreviews.org,317
micropal.geoscienceworld.org,211
mie.sagepub.com,1166
mil.sagepub.com,3622
mind.oupjournals.org,825
mind.oxfordjournals.org,13237
mingaonline.uach.cl,605
mj.oupjournals.org,15
mj.oxfordjournals.org,602
mktsci.journal.informs.org,1181
ml.oupjournals.org,2139
ml.oxfordjournals.org,12216
mlj.rsmjournals.com,358
mlq.dukejournals.org,4161
mlq.sagepub.com,1930
mmbr.asm.org,342
mmcts.ctsnetjournals.org,151
mmd.sagepub.com,73
mmr.sagepub.com,113
mms.sagepub.com,521
modpath.uscapjournals.org,90
moh.sagepub.com,107
molehr.oxfordjournals.org,214
molinterv.aspetjournals.org,494
mollus.oxfordjournals.org,683
molpharm.aspetjournals.org,3289
mor.journal.informs.org,1769
mots.revues.org,310
mp.bmj.com,660
mpj.sagepub.com,166
mplant.oxfordjournals.org,350
mq.dukejournals.org,481
mq.oupjournals.org,218
mq.oxfordjournals.org,4880
msh.revues.org,259
msj.sagepub.com,1542
msl.rsmjournals.com,497
msom.journal.informs.org,398
mss.sagepub.com,143
msx.sagepub.com,131
mtq.sagepub.com,202
multi-science.metapress.com,6939
muse.jhu.edu,124400
mutage.oxfordjournals.org,1255
mwc.sagepub.com,110
myblogs.informa.com,1
names.edpsciences.org,47
nanobe.org,20
nano-reviews.net,1
nar.oxfordjournals.org,18557
narratologie.revues.org,128
nas.sagepub.com,883
nasn.allenpress.com,469
nass.oupjournals.org,155
nass.oxfordjournals.org,1111
ncp.sagepub.com,1697
nd2007.edpsciences.org,339
ndtplus.oxfordjournals.org,771
nej.sagepub.com,1271
neoreviews.aappublications.org,750
nepjol.info,960
ner.sagepub.com,1995
neuro.annualreviews.org,270
neuro.psychiatryonline.org,1171
neuro-oncology.dukejournals.org,594
neuro-oncology.oxfordjournals.org,408
neville.atypon.com,1
newsroom.spie.org,5
ngc.dukejournals.org,143
nho.sagepub.com,17
nips.physiology.org,39
nka.dukejournals.org,455
nlnjournals.org,22
nmletters.org,24
nms.dongguk.ac.kr,17
nms.sagepub.com,680
nnr.sagepub.com,1245
norois.revues.org,216
novel.dukejournals.org,327
novissimo.periodicos.ufsc.br,11
nq.oupjournals.org,1186
nq.oxfordjournals.org,3806
nro.sagepub.com,962
nsca.allenpress.com,2492
nsg.eage.org,361
nsq.sagepub.com,1419
ntr.oxfordjournals.org,1688
nts1.cgu.cz,8
nucl.annualreviews.org,190
nutr.annualreviews.org,294
nvs.sagepub.com,1568
oae.sagepub.com,919
oaj.oupjournals.org,217
oaj.oxfordjournals.org,279
objet.revuesonline.com,166
obmed.rsmjournals.com,142
occmed.oupjournals.org,586
occmed.oxfordjournals.org,4146
ocean.kisti.re.kr,84
ocim.revues.org,138
odf.edpsciences.org,1396
oem.bmj.com,7773
oep.oupjournals.org,262
oep.oxfordjournals.org,230
oftalmoloji.org,2
ogst.edpsciences.org,91
ogst.ifp.fr,1694
ogst.ifpenergiesnouvelles.fr,37
ohr.oxfordjournals.org,591
ojls.oupjournals.org,326
ojls.oxfordjournals.org,663
ojps.aip.org,326
ojrrp.org,51
ojs.academypublisher.com,1417
ojs.hup.harvard.edu,8
ojs.pharmadeals.net,3
ojs.upv.es,77
omega.jstor.org,240
online-journals.org,352
onlinetog.org,12
ons.metapress.com,2183
onznews.wdcb.ru,60
openurl.ingenta.com,217810
opp.sagepub.com,435
opr.sagepub.com,5
oq.oupjournals.org,647
oq.oxfordjournals.org,2399
or.journal.informs.org,5946
org.sagepub.com,833
orgsci.journal.informs.org,1206
origin.cdc.gov,1
orm.sagepub.com,449
osp.revues.org,191
oss.sagepub.com,2453
oto.sagepub.com,13450
oxrep.oupjournals.org,328
oxrep.oxfordjournals.org,515
pa.oupjournals.org,479
pa.oxfordjournals.org,341
pads.dukejournals.org,159
pages.unibas.ch,30
palaios.sepmonline.org,755
palynology.geoscienceworld.org,159
pan.oupjournals.org,111
pan.oxfordjournals.org,234
pas.sagepub.com,911
past.oupjournals.org,217
past.oxfordjournals.org,1420
pats.atsjournals.org,778
pavel.striz.cz,15
pb.rcpsych.org,12330
pbi.sagepub.com,371
pbr.psychonomic-journals.org,173
pch.sagepub.com,86
pcp.oupjournals.org,937
pcp.oxfordjournals.org,1143
pdj.sagepub.com,550
pds.sagepub.com,339
ped.sagepub.com,1538
pedagogy.dukejournals.org,536
pediatrics.aappublications.org,12119
peds.oxfordjournals.org,2828
pedsinreview.aappublications.org,2258
pen.sagepub.com,3588
pensoftonline.net,81
pep.metapress.com,3
periodicos.uem.br,3175
periodicos.ufpb.br,66
periodicos.ufsc.br,14
peterlang.metapress.com,474
petrology.oxfordjournals.org,77
pfr.sagepub.com,913
pg.geoscienceworld.org,244
pg.lyellcollection.org,328
pharmacotherapyjournal.org,2648
pharmrev.aspetjournals.org,223
pharmtox.annualreviews.org,308
phe.oxfordjournals.org,116
phg.sagepub.com,2198
philjol.org,205
philmat.oupjournals.org,24
philmat.oxfordjournals.org,551
philreview.dukejournals.org,643
phleb.rsmjournals.com,410
photonics.pl,112
phr.oupjournals.org,527
physchem.annualreviews.org,267
physio-geo.revues.org,45
physiol.annualreviews.org,586
physiolgenomics.physiology.org,1069
physiologyonline.physiology.org,335
physrev.physiology.org,253
phyto.annualreviews.org,290
pia-journal.co.uk,341
pid.nci.nih.gov,7
pierprofessional.metapress.com,881
piers.mit.edu,1021
pirineos.revistas.csic.es,183
pjm.math.berkeley.edu,2318
plankt.oxfordjournals.org,1909
plant.annualreviews.org,264
plantgenome.scijournals.org,12
plastox.edpsciences.org,19
plazayvaldes.metapress.com,84
plms.oxfordjournals.org,5427
plosone-stage.plos.org,1
plt.sagepub.com,184
pmj.bmj.com,18937
pmj.sagepub.com,1562
pn.bmj.com,615
pnz.sagepub.com,1836
podcasts.aaas.org,7
poeticstoday.dukejournals.org,403
poi.sagepub.com,479
poj.peeters-leuven.be,24923
poldev.revues.org,24
policing.oxfordjournals.org,291
pom.sagepub.com,813
poq.oupjournals.org,69
poq.oxfordjournals.org,404
portal.acm.org,256975
portal.chapingo.mx,10
portal.rina.org.uk,143
pos.sagepub.com,1671
positions.dukejournals.org,610
ppa.sagepub.com,665
ppe.sagepub.com,201
ppg.sagepub.com,2216
ppn.sagepub.com,462
ppq.sagepub.com,861
pps.sagepub.com,290
pqx.sagepub.com,277
prb.sagepub.com,4319
precedings.nature.com,2524
preproduction.bepress.com,2
preproduction2.bepress.com,8
presentpasts.info,41
prf.sagepub.com,1289
primatologie.revues.org,16
prj.metapress.com,512
proceedings.icultrasonics.org,351
prod.kau.edu.sa,2596
prof.kau.edu.sa,69
projecteuclid.org,49106
proxy.furb.br,63
prq.sagepub.com,7098
ps.fass.org,1262
ps.psychiatryonline.org,5078
psc.sagepub.com,1083
psi.sagepub.com,55
psp.sagepub.com,3641
psr.sagepub.com,332
pss.sagepub.com,2839
psy.psychiatryonline.org,1165
psyc.queensu.ca,52
psych.annualreviews.org,246
psychiatrist.com,3
psychsocgerontology.oxfordjournals.org,300
psycontent.metapress.com,13130
pt.wkhealth.com,5
ptjournal.apta.org,872
ptp.ipap.jp,18903
ptr.oupjournals.org,273
ptx.sagepub.com,1791
pub.chinasciencejournal.com,15697
pub.lex-localis.info,29
publhealth.annualreviews.org,304
publications.australianmuseum.net.au,7
publications.epress.monash.edu,1431
publications.iodp.org,1
publicculture.dukejournals.org,817
publius.oxfordjournals.org,234
pubs.acs.org,1070247
pubs.aeaweb.org,4025
pubs.amstat.org,5403
pubs.nrc-cnrc.gc.ca,285
pubs.rsc.org,81
pun.sagepub.com,507
purl.utwente.nl,29
pus.sagepub.com,375
pvs.sagepub.com,1025
pwm.sagepub.com,326
pwq.sagepub.com,2037
pygs.lyellcollection.org,2009
qhr.sagepub.com,1631
qirt.revuesonline.com,103
qix.sagepub.com,881
qje.oxfordjournals.org,5692
qjegh.lyellcollection.org,1624
qjmam.oupjournals.org,313
qjmam.oxfordjournals.org,1966
qjmath.oupjournals.org,333
qjmath.oxfordjournals.org,2906
qrj.sagepub.com,415
qshc.bmj.com,196
qsw.sagepub.com,336
qualitysafety.bmj.com,2173
r2ie.revuesonline.com,33
rac.sagepub.com,3123
radiographics.rsnajnls.org,1277
radiology.casereports.net,283
radiology.rsnajnls.org,6049
raj.sagepub.com,11
ras.sagepub.com,2709
rcb.sagepub.com,408
rcgp-innovait.oxfordjournals.org,672
rcma.revuesonline.com,213
rde.revues.org,297
rdtp.revistas.csic.es,205
rec.secardiologia.es,1
recyt.fecyt.es,67
redc.revistas.csic.es,302
reef.revuesonline.com,22
reep.oxfordjournals.org,92
reg.gsapubs.org,11
regc.revuesonline.com,213
rehab.research.va.gov,7
rel.sagepub.com,957
remi.revues.org,319
remn.revuesonline.com,322
rer.sagepub.com,2910
res.oupjournals.org,77
res.oxfordjournals.org,10977
reseaux.revuesonline.com,83
respiratory-research.com,1045
ress.revues.org,364
restud.oxfordjournals.org,2864
retro.seals.ch,1924
revcolanest.com.co,1
revintsociologia.revistas.csic.es,158
revisionpublishing.metapress.com,41
revista.uepb.edu.br,242
revistadeindias.revistas.csic.es,380
revistademetalurgia.revistas.csic.es,988
revista-iberoamericana.pitt.edu,5934
revistas.facecla.com.br,183
revistas.ucm.es,56
revistas.ufg.br,144
revistas.unam.mx,18
revueagone.revues.org,256
rfg.revuesonline.com,795
rfgc.revuesonline.com,190
rfs.oupjournals.org,616
rfs.oxfordjournals.org,572
rga.revues.org,155
rgi.revues.org,160
rh19.revues.org,453
rheumatology.oxfordjournals.org,5156
rhr.dukejournals.org,1545
ria.metapress.com,711
ria.revuesonline.com,287
ricoeur.pitt.edu,10
rig.revuesonline.com,5
rige.revuesonline.com,253
rimg.geoscienceworld.org,521
rjb.revistas.csic.es,267
rmg.geoscienceworld.org,140
rmi.sagepub.com,32
rmmc.eas.asu.edu,43
rmpd.revuesonline.com,327
rnajournal.cshlp.org,535
rnd.edpsciences.org,1
roa.sagepub.com,894
rock.geosociety.org,1234
rof.oxfordjournals.org,150
rop.sagepub.com,727
ror.reproduction-online.org,248
royalsociety.metapress.com,1
rpc.oxfordjournals.org,145
rpd.oupjournals.org,557
rpd.oxfordjournals.org,2756
rphr.endojournals.org,79
rpsonline.com.sg,163
rre.sagepub.com,334
rrn.sagepub.com,32
rrp.sagepub.com,2151
rsa.revues.org,95
rsbl.royalsocietypublishing.org,1389
rsbm.royalsocietypublishing.org,1356
rse.sagepub.com,1441
rsh.sagepub.com,14624
rsif.royalsocietypublishing.org,919
rsm.sagepub.com,172
rsnr.royalsocietypublishing.org,1699
rsob.royalsocietypublishing.org,453
rspa.royalsocietypublishing.org,17477
rspb.royalsocietypublishing.org,13173
rspl.royalsocietypublishing.org,7062
rsq.oupjournals.org,946
rsq.oxfordjournals.org,1647
rss.sagepub.com,528
rsta.royalsocietypublishing.org,7822
rstb.royalsocietypublishing.org,7524
rstl.royalsocietypublishing.org,8152
rsw.sagepub.com,1166
rsx.sagepub.com,976
rts.revuesonline.com,116
rursus.revues.org,38
sac.sagepub.com,349
sad.sagepub.com,77
sae.sagepub.com,285
sag.sagepub.com,2117
sageke.sciencemag.org,1065
sajg.geoscienceworld.org,387
sajhrm.co.za,42
sajip.co.za,15
saliniana.com.ba,27
saq.dukejournals.org,591
sar.sagepub.com,565
sas.revuesonline.com,10
sas.sagepub.com,447
sax.sagepub.com,601
scan.oxfordjournals.org,307
sce.sagepub.com,936
sch.sagepub.com,58
schizophreniabulletin.oupjournals.org,17
schizophreniabulletin.oxfordjournals.org,930
scholarcommons.usf.edu,75
schoolcounselor.metapress.com,164
scielo.iec.pa.gov.br,180
scielo.isciii.es,11732
sciencecareers.sciencemag.org,751
scientiamarina.revistas.csic.es,1252
scp.sagepub.com,2096
screen.oupjournals.org,408
screen.oxfordjournals.org,464
scripts.iucr.org,100907
scv.sagepub.com,528
scx.sagepub.com,968
sda.revuesonline.com,375
sdi.sagepub.com,1858
sdm.revuesonline.com,54
seagrant.uaf.edu,59
search.datapages.com,754
search.ieice.org,5075
search.informit.com.au,269
secure.awma.org,545
sed.sagepub.com,1703
sefarad.revistas.csic.es,162
select.ingentaconnect.com,3
semantics-online.org,1
semprag.org,19
ser.oupjournals.org,70
ser.oxfordjournals.org,195
services.bepress.com,114
services.igi-global.com,5255
sex.sagepub.com,465
sexualities.sagepub.com,215
sfo.edpsciences.org,97
sgr.sagepub.com,1409
she.literatumonline.com,38
shm.oupjournals.org,466
shm.oxfordjournals.org,1562
shm.sagepub.com,284
shortreports.rsmjournals.com,89
sih.sagepub.com,417
sim.sagepub.com,4889
si-pddr.si.edu,116
sir.sagepub.com,1259
site.aev.intranet,9
sjg.lyellcollection.org,1228
sjp.sagepub.com,1707
slg.sagepub.com,269
slr.oupjournals.org,13
slr.oxfordjournals.org,532
slr.sagepub.com,425
sls.sagepub.com,842
smallaxe.dukejournals.org,346
smh.sagepub.com,5
smj.rsmjournals.com,503
smj.sagepub.com,190
smm.sagepub.com,584
smr.sagepub.com,849
soc.annualreviews.org,244
soc.sagepub.com,3100
socialtext.dukejournals.org,414
socpvs.org,33
socrel.oxfordjournals.org,179
soe.sagepub.com,128
soil.scijournals.org,26
solidwaste.metapress.com,56
soq.sagepub.com,139
sp.lyellcollection.org,7817
sp.oupjournals.org,74
sp.oxfordjournals.org,189
spa.sagepub.com,251
spectrum.diabetesjournals.org,498
sph.sagepub.com,166
spi.sagepub.com,1283
spica.edpsciences.org,47
spontaneousgenerations.library.utoronto.ca,31
spp.sagepub.com,119
spq.sagepub.com,220
spr.sagepub.com,1268
springerlink.metapress.com,17242
sra.sagepub.com,74
sri.sagepub.com,792
srl.geoscienceworld.org,1603
ssc.sagepub.com,1830
ssh.dukejournals.org,307
ssi.sagepub.com,2186
ssjj.oupjournals.org,255
ssjj.oxfordjournals.org,327
sss.sagepub.com,1533
stacks.iop.org,437576
staging.extenza-eps.com,47
staging.www.jcronline.org,5
stemcellres.com,52
stemcells.alphamedpress.org,5
sth.revuesonline.com,42
sth.sagepub.com,1322
sti.bmj.com,8042
stigmaj.org,11
stke.sciencemag.org,6628
stm.sciencemag.org,621
strenae.revues.org,14
stroke.ahajournals.org,6850
sts.sagepub.com,372
subscribers.npprj.se,1364
supp.apa.org,746
survival.oupjournals.org,445
svd.sagepub.com,3517
symposia.biochemistry.org,21
synapse.koreamed.org,24110
sysbio.oxfordjournals.org,1582
tab.sagepub.com,52
tae.sagepub.com,34
tag.sagepub.com,116
tah.sagepub.com,17
taj.sagepub.com,31
tak.sagepub.com,147
tam.sagepub.com,59
tan.sagepub.com,98
tandt.oxfordjournals.org,2230
tao.cgu.org.tw,285
tap.sagepub.com,1050
tar.sagepub.com,136
targetedproteinsdb.com,205
tas.sagepub.com,439
tau.sagepub.com,52
taw.sagepub.com,13
taylorandfrancis.metapress.com,86001
tc.bmj.com,1
tcbh.oupjournals.org,260
tcbh.oxfordjournals.org,459
tcn.sagepub.com,999
tcp.sagepub.com,2354
tcr.sagepub.com,526
tcs.sagepub.com,1684
td.rsmjournals.com,763
tde.sagepub.com,2675
teamat.oupjournals.org,277
teamat.oxfordjournals.org,738
tec.sagepub.com,1066
tech.snmjournals.org,134
technop.kaist.ac.kr,2
technopress.kaist.ac.kr,34
techpub.metapress.com,725
telerehab.pitt.edu,28
terrain.revues.org,629
tes.sagepub.com,1190
test.doi.com,1
test.scielo.br,172
test1.la-press.com,2
tfj.sagepub.com,1619
thailand.digitaljournals.org,21
the.sagepub.com,1341
theater.dukejournals.org,1118
thebalticyearbook.org,40
thebulletin.metapress.com,1208
thejns.org,24034
themarsjournal.com,1
theoncologist.alphamedpress.org,1796
theoremes.revues.org,8
thomasland.metapress.com,2447
thorax.bmj.com,12596
thorax.bmjjournals.com,4
tia.sagepub.com,186
tih.sagepub.com,488
tim.sagepub.com,910
tjr.org.tr,22
tjx.sagepub.com,7262
tmt.sagepub.com,425
tobaccocontrol.bmj.com,2316
tou.sagepub.com,165
toxsci.oxfordjournals.org,2854
tp.revistas.csic.es,273
tpj.sagepub.com,1973
tpp.sagepub.com,4
tps.sagepub.com,2437
tpx.sagepub.com,2976
tr.ietejournals.org,145
tra.sagepub.com,264
traces.revues.org,266
transci.journal.informs.org,1534
transtexts.revues.org,83
trb.metapress.com,11033
tre.sagepub.com,221
treephys.oxfordjournals.org,361
trema.revues.org,172
trj.sagepub.com,9869
trn.lyellcollection.org,329
trn.sagepub.com,98
tropej.oupjournals.org,944
tropej.oxfordjournals.org,791
trs.sagepub.com,1444
ts.revuesonline.com,15
tse.sagepub.com,382
tsi.revuesonline.com,373
tso.sagepub.com,541
ttj.sagepub.com,7316
tva.sagepub.com,204
tvn.sagepub.com,347
uar.sagepub.com,1802
ubuntu,53
uchicago.literatumonline.com,1
ucp.uchicago.edu,14887
uex.sagepub.com,1651
ufn.ru,3946
uksg.metapress.com,945
ult.rsmjournals.com,394
upd.sagepub.com,150
urbani-izziv.uirs.si,592
usj.sagepub.com,5231
utmj.org,69
utpjournals.metapress.com,7840
uvx.edpsciences.org,67
vascular.rsmjournals.com,190
vaw.sagepub.com,1137
vcj.sagepub.com,240
vcu.sagepub.com,278
versita.metapress.com,10717
vertigo.revues.org,454
ves.sagepub.com,3456
vet.sagepub.com,3865
veterinaryrecord.bmj.com,24125
vfu-www.vfu.cz,8
vir.sgmjournals.org,11954
virtualexplorer.com.au,207
vmj.sagepub.com,544
vzj.scijournals.org,310
wageningenacademic.metapress.com,351
wber.oupjournals.org,95
wber.oxfordjournals.org,339
wbro.oupjournals.org,49
wbro.oxfordjournals.org,196
wcx.sagepub.com,510
web.jbjs.org.uk,346
web.math.hr,247
wes.sagepub.com,1986
wih.sagepub.com,986
wjn.sagepub.com,2333
wmr.sagepub.com,2016
wom.sagepub.com,133
wox.sagepub.com,1294
wpj.sagepub.com,305
wpll-journal.metapress.com,23
writsy.oxfordjournals.org,19
ww.spie.org,1
ww.standardsingenomics.org,1
www.1000.com,1
www.aaccnet.org,345
www.aacijournal.com,220
www.aaiddjournals.org,1146
www.aami-bit.org,1133
www.aanda.org,10135
www.aaohnjournal.com,204
www.aapb-biofeedback.com,70
www.aapsj.org,25
www.aapspharmsci.org,5
www.aapspharmscitech.org,72
www.aaqr.org,129
www.aas.net.cn,59
www.academypublisher.com,917
www.acadsci.fi,65
www.acta-endo.ro,341
www.actaphys.uj.edu.pl,113
www.actapress.com,1736
www.actavetscand.com,697
www.adfl.org,1911
www.adv-geosci.net,622
www.adv-radio-sci.net,466
www.adv-sci-res.net,90
www.aece.ro,222
www.aedj.in,157
www.aejournal.net,8
www.aemj.org,531
www.aeronline.org,32
www.aestheticsandculture.net,12
www.afrjpaedsurg.org,136
www.afs-journal.org,1696
www.agbiotech.or.kr,14
www.agdevjournal.com,32
www.ageing.oupjournals.org,1223
www.ageing.oxfordjournals.org,1385
www.agraria.pro.br,248
www.agronomy.it,222
www.agronomy.org,24500
www.agronomyjournal.it,94
www.agronomy-journal.org,2000
www.agu.org,139205
www.aiaee.org,17
www.aicit.org,340
www.aidsrestherapy.com,186
www.aijcr.com,14
www.aimsciences.org,4380
www.airccse.org,721
www.aisf.it,396
www.ajcn.org,1306
www.ajevonline.org,53
www.ajhp.org,2535
www.ajkd.org,73
www.ajnr.org,1919
www.ajph.org,36580
www.ajronline.org,4123
www.ajsonline.org,7499
www.ajtmh.org,714
www.ajts.org,107
www.akademiai.com,15731
www.akademikaciltip.com,103
www.akkrt.hu,461
www.alcalc.oupjournals.org,745
www.alcalc.oxfordjournals.org,737
www.almob.org,116
www.alr-journal.org,606
www.amb-express.com,5
www.ambi-agua.net,168
www.americanscientist.org,1343
www.amj.net.au,227
www.amjbot.org,1945
www.amlett.com,57
www.ams.org,65309
www.amsciepub.com,3795
www.amsi.ge,89
www.anakarder.com,168
www.anatomische-gesellschaft.de,1
www.andrologyjournal.org,632
www.anesthesiaprogress.org,182
www.angle.org,898
www.anmjournal.com,18
www.annals.in,186
www.annalsafrmed.org,190
www.annals-general-psychiatry.com,1104
www.annalsofian.org,327
www.annalsofintensivecare.com,5
www.annalsofneurosciences.org,244
www.annalspc.com,109
www.annalssurgicaloncology.org,341
www.ann-clinmicrob.com,213
www.annfammed.org,1029
www.ann-geophys.net,3678
www.annphys.org,646
www.annualreviews.org,29222
www.ansijournals.com,1
www.anthrosource.net,9
www.antiox.org,14
www.anzhealthpolicy.com,140
www.aos-journal.org,149
www.aott.org.tr,182
www.apa.org,10
www.apfmj.com,29
www.apidologie.org,1482
www.app.pan.pl,52
www.apsnet.org,15540
www.aquaticinvasions.net,308
www.aquaticinvasions.ru,79
www.aquaticmammalsjournal.org,2
www.archbronconeumol.org,163
www.archivosdemedicina.com,24
www.aried.info,5
www.arjournals.org,94
www.armaes.am,5
www.arquitetura.eesc.usp.br,151
www.arquiteturarevista.unisinos.br,28
www.arthroscopyjournal.org,27
www.artificial-organs.com,42
www.arts.ualberta.ca,103
www.asage.org,6
www.asbcnet.org,207
www.ashdin.com,165
www.asheducationbook.org,626
www.ashimagebank.org,501
www.ashley-pub.com,3
www.asianspinejournal.org,1
www.asiapharmaceutics.info,157
www.asir-journal.com,38
www.aslo.org,8077
www.asmjournals.org,6
www.asnneuro.org,56
www.aspajournal.it,67
www.assbt-jsbr.org,1227
www.astm.org,8302
www.astrophys-space-sci-trans.net,58
www.ata-journal.org,389
www.ata-revue.org,1
www.atlantis-press.com,2169
www.atlas-publishing.org,29
www.atmos-chem-phys.net,3406
www.atmos-chem-phys-discuss.net,4029
www.atmos-meas-tech.net,229
www.atmos-meas-tech-discuss.net,330
www.atmospolres.com,67
www.atmph.org,44
www.atshc.com,78
www.atypon.com,1
www.atypon-link.com,23751
www.australianmuseum.net.au,1496
www.aviation.vgtu.lt,1
www.ayujournal.org,71
www.babonline.org,1
www.bakirkoytip.org,10
www.balisage.net,119
www.banglajol.info,3328
www.banglajol.info.,11
www.base.unisinos.br,54
www.begellhouse.com,8801
www.behavioralandbrainfunctions.com,322
www.beheco.oupjournals.org,801
www.beheco.oxfordjournals.org,1000
www.beilstein-journals.org,465
www.benjamins.com,3
www.benthamdirect.org,1277
www.bentham-direct.org,11
www.bentham-open.org,2346
www.benthamscience.com,44
www.bepress.com,8976
www.bgbm.org,320
www.bichemsoctrans.org,1
www.biij.org,276
www.biochemj.org,7879
www.biochemsoctrans.org,3036
www.biodatamining.org,37
www.bio-diglib.com,25
www.biogeosciences.net,845
www.biogeosciences-discuss.net,1115
www.bioinformatics.oupjournals.org,2646
www.bioinformatics.oxfordjournals.org,4082
www.biolcell.org,1510
www.biological-markers.com,19
www.biologicalprocedures.com,6
www.biologicalproceduresonline.com,35
www.biologie-journal.org,242
www.biology.ualberta.ca,7
www.biology-direct.com,267
www.biologyofexercise.com,31
www.biolreprod.org,11846
www.biomagres.com,27
www.biomedcentral.com,41582
www.biomedical-engineering-online.com,434
www.biomedres.org,13
www.bioone.org,76971
www.biophysj.org,8
www.bioscience.heacademy.ac.uk,117
www.bioscience.org,3600
www.biosciencetrends.com,7
www.bioscirep.org,1919
www.biosignaling.com,210
www.biotechniques.com,1390
www.biotechnologyforbiofuels.com,80
www.bja.oupjournals.org,2056
www.bja.oxfordjournals.org,2212
www.bjrbe.vgtu.lt,90
www.blackwell-synergy.com,108816
www.bloodjournal.org,16376
www.bmj.com,365852
www.bmva.org,118
www.bonekey-ibms.org,434
www.bpsmedicine.com,84
www.brain.oupjournals.org,2184
www.brain.oxfordjournals.org,2099
www.brainatlas.org,3
www.bsd-journal.com,11
www.bssaonline.org,1139
www.btp.vgtu.lt,106
www.caareviews.org,1468
www.cababstractsplus.org,63
www.cabi.org,267
www.cadanda.com,211
www.cafyd.com,116
www.cairn.info,58569
www.cancerci.com,285
www.cancerimaging.org,349
www.cancerjournal.net,399
www.canmin.org,336
www.caot.ca,74
www.capmh.com,133
www.carcin.oupjournals.org,2605
www.carcin.oxfordjournals.org,1833
www.carcinogenesis.com,138
www.cardiab.com,336
www.cardiologyres.org,14
www.cardiothoracicsurgery.org,400
www.cardiovascularultrasound.com,363
www.casesjournal.com,1690
www.catchword.com,15443
www.caves.org,32
www.cbmjournal.com,55
www.ccaasmag.org,2
www.cciv.cityu.edu.hk,1
www.ccjm.org,1558
www.ccsenet.org,102
www.cdc.gov,3060
www.cellandbioscience.com,15
www.cellandchromosome.com,11
www.cellbiolint.org,3389
www.cellbiolintrep.org,8
www.celldiv.com,128
www.cercor.oupjournals.org,988
www.cercor.oxfordjournals.org,1698
www.cerebrospinalfluidresearch.com,489
www.cfapubs.org,8719
www.cgames.com.sg,52
www.chapingo.mx,15
www.chemistryviews.org,56
www.chemse.oupjournals.org,734
www.chemse.oxfordjournals.org,678
www.chestjournal.org,36566
www.childlitaesthetics.net,8
www.chinesebirds.net,34
www.chiroandosteo.com,133
www.choregia.org,47
www.cihs.edu,1
www.cjcmm.com.cn,835
www.cjhp-online.ca,228
www.cjmenet.com,6808
www.cjmenet.com.cn,45
www.clays.org,3264
www.clefscea.fr,52
www.clim-past.net,250
www.clim-past-discuss.net,353
www.clinam.org,11
www.clinchem.org,3938
www.clinicalhandjournal.org,8
www.clinicalimagingjournal.com,5
www.clinicalimagingscience.org,7
www.clinicalmolecularallergy.com,87
www.clinmedres.org,640
www.clinsci.org,929
www.cloudcomputingconf.org,15
www.cma.ca,82
www.cmaj.ca,5879
www.cmjournal.org,114
www.cms.math.ca,8994
www.cmwf.org,9
www.cnpf.embrapa.br,93
www.coactivity.vgtu.lt,125
www.coalcgp-journal.org,15
www.cocukdergisi.org,9
www.cocukenfeksiyon.org,63
www.comparative-hepatology.com,132
www.conflictandhealth.com,64
www.conservationandsociety.org,76
www.contempclindent.org,52
www.contextosclinicos.unisinos.br,37
www.copmadrid.org,83
www.coughjournal.com,63
www.cpcjournal.org,2138
www.cpementalhealth.com,137
www.cpjournal.ca,654
www.crbmb.com,2
www.crops.org,18549
www.crossref.org,52718
www.cshl-symposium.org,684
www.cshprotocols.org,6123
www.ctresources.info,6211
www.cuaj.ca,26
www.cultureunbound.ep.liu.se,72
www.current-oncology.com,365
www.cytojournal.com,144
www.dairy-journal.org,159
www.datatrace.com,915
www.dcjournal.ca,331
www.dcyogunbakim.org,11
www.ddialliance.org,12
www.ddtjournal.com,7
www.defenceandstrategy.eu,77
www.degruyter.de,1
www.dekker.com,821
www.demographic-research.org,534
www.dentalhypotheses.com,24
www.deswater.com,1095
www.diagnosisp.com,118
www.diagnosticpathology.org,387
www.dialogos.uem.br,170
www.dl.begellhouse.com,1145
www.dlib.org,782
www.dmphp.org,321
www.dmsjournal.com,104
www.doiserbia.nb.rs,15845
www.doiserbia.nbs.bg.ac.yu,227
www.dovepress.com,4104
www.down-syndrome.org,212
www.drink-water-eng-sci.net,27
www.drink-water-eng-sci-discuss.net,33
www.drugabuse.gov,99
www.dst.uff.br,17
www.dustri.com,5550
www.dusunenadamdergisi.org,112
www.dvdres.com,6
www.dymat-proceedings.org,257
www.dynamic-med.com,63
www.eajm.org,60
www.earthscanjournals.com,66
www.earth-science.net,341
www.earth-syst-dynam.net,5
www.earth-syst-dynam-discuss.net,21
www.earth-syst-sci-data.net,29
www.earth-syst-sci-data-discuss.net,29
www.eas-journal.org,262
www.ebmonline.org,1
www.ebr-journal.org,176
www.ecancermedicalscience.com,97
www.economics-ejournal.org,121
www.ecotoxbrasil.org.br,54
www.edpsciences.org,78527
www.ehealthinternational.org,6
www.ehjournal.net,408
www.ehponline.org,6087
www.eht-forum.org,22
www.ehu.es,12
www.e-ijd.org,529
www.ej.eng.chula.ac.th,42
www.ejbiotechnology.cl,14
www.ejbiotechnology.equipu.cl,32
www.ejbiotechnology.info,460
www.ejbjs.org,2762
www.eje-online.org,17975
www.e-jfcm.com,9
www.ejh.it,61
www.ejobios.com,21
www.ejomr.org,48
www.ekoloji.com.tr,102
www.electronic-earth.net,20
www.electronic-earth-discuss.net,28
www.elis.sk,548
www.elogistics-journal.com,2
www.elogistics-journal.de,66
www.elsevier.com,2
www.emboj.org,4196
www.emeraldinsight.com,154512
www.emis.de,594
www.ems-ph.org,4308
www.entsoc.org,547
www.enveurope.com,15
www.envplan.com,7989
www.ep.liu.se,256
www.epigeneticsandchromatin.com,55
www.epi-perspectives.com,71
www.epjap.org,2039
www.epj-conferences.org,769
www.equinoxjournals.com,4071
www.equityhealthj.com,189
www.erdkunde.uni-bonn.de,1228
www.ers-education.org,84
www.esaim-cocv.org,575
www.esaim-m2an.org,675
www.esaim-proc.org,59
www.esaim-ps.org,271
www.esajournals.org,10853
www.escritosdepsicologia.es,1
www.esomat.org,225
www.est.vgtu.lt,34
www.estudostecnologicos.unisinos.br,43
www.ete-online.com,94
www.ethicsandglobalpolitics.net,58
www.ethnobiomed.com,221
www.etp-journal.org,36
www.etsmjournal.com,33
www.eupjournals.com,1112
www.euppublishing.com,14463
www.eurjchem.com,76
www.eur-j-ophthalmol.com,148
www.eurojnlofpsychotraumatol.net,4
www.europhysicsnews.org,377
www.europsych.net,7
www.evodevojournal.com,22
www.expertopin.com,293
www.expert-reviews.com,11849
www.expresspolymlett.com,463
www.extenza-eps.com,10081
www.f1000.com,53
www.f1000biology.com,147
www.f1000medicine.com,146
www.fampra.oupjournals.org,1366
www.fampra.oxfordjournals.org,778
www.fasebj.org,5074
www.fibrogenesis.com,46
www.field-actions-sci-rep.net,16
www.filariajournal.com,77
www.fisheriessciences.com,226
www.flowerkings.com,1
www.fluidsbarrierscns.com,16
www.foodandnutritionresearch.net,52
www.fpjournal.org.br,920
www.fronteiras.unisinos.br,39
www.frontiersin.org,2602
www.frontiersinzoology.com,157
www.fruits-journal.org,436
www.ftrdergisi.com,35
www.functionalglycomics.org,163
www.funpecrp.com.br,659
www.future-drugs.com,256
www.futuremedicine.com,9649
www.future-science.com,1140
www.futuribles-revue.com,505
www.fwspubs.org,164
www.fyhe.com.au,20
www.gaea.unisinos.br,28
www.gastrores.org,147
www.general-hospital-psychiatry.com,182
www.genesdev.org,5320
www.genetics.org,3811
www.genome.org,2485
www.genomeintegrity.com,20
www.genomemedicine.com,25
www.geochemicaltransactions.com,115
www.geologia-croatica.hr,27
www.geologija-revija.si,91
www.geology.cz,186
www.geosci-model-dev.net,80
www.geosci-model-dev-discuss.net,116
www.geosociety.org,213
www.gerontechnology.info,1356
www.geronurseresearch.com,84
www.giornaledellalibreria.it,4
www.giub.uni-bonn.de,531
www.globalhealthaction.net,139
www.globalizationandhealth.com,98
www.global-sci.com,217
www.global-sci.org,247
www.globalstf.org,402
www.glowm.com,361
www.glycob.oupjournals.org,982
www.glycob.oxfordjournals.org,989
www.gnss.com.au,188
www.grandrounds-e-med.com,4
www.greenpharmacy.info,185
www.growingscience.com,75
www.gsajournals.org,63
www.gsejournal.org,2587
www.gse-journal.org,1857
www.gutpathogens.com,51
www.guttmacher.org,69
www.gvt-journal.com,85
www.gynecendoscopy.org,24
www.haematologica.org,1707
www.harcourthealth.com,492
www.harmreductionjournal.com,201
www.hccpjournal.com,180
www.heacademy.ac.uk,315
www.headandneckoncology.org,192
www.head-face-med.com,197
www.healthcare-bulletin.com,24
www.health-policy-systems.com,169
www.heapol.oupjournals.org,457
www.heapol.oxfordjournals.org,366
www.heapro.oupjournals.org,394
www.heapro.oxfordjournals.org,345
www.heartviews.org,9
www.hepatitisbannual.org,22
www.her.oupjournals.org,542
www.her.oxfordjournals.org,576
www.herpesviridae.org,13
www.heterocycles.jp,14572
www.hindawi.com,39784
www.hip-int.com,41
www.hist-geo-space-sci.net,12
www.historicbrass.org,46
www.hmg.oupjournals.org,3038
www.hmg.oxfordjournals.org,2774
www.homolog.scielo.br,7
www.hosppract.com,224
www.hottopicsin.com,155
www.hqlo.com,781
www.hrp.oupjournals.org,155
www.hsag.co.za,57
www.hthpweb.com,671
www.hts.org.za,199
www.http,10
www.humanpub.org,28
www.human-resources-health.com,245
www.humrep.oupjournals.org,4902
www.humrep.oxfordjournals.org,3294
www.hydroecologie.org,180
www.hydrol-earth-syst-sci.net,1388
www.hydrol-earth-syst-sci-discuss.net,1040
www.iaee.org,6
www.iahr.net,54
www.iasks.org,16
www.i-asr.com,67
www.ibc7.org,35
www.ibimapublishing.com,5
www.ibra.org.uk,300
www.ibraorg.uk,1
www.icevirtuallibrary.com,29217
www.icmp.lviv.ua,12
www.idealibrary.com,1993
www.idoj.in,23
www.i-dust.org,11
www.iesc-proceedings.org,39
www.iesna.org,25
www.ifac-papersonline.net,14469
www.ifi.unicamp.br,53
www.ifo.lviv.ua,302
www.ifosslr.org,19
www.ifpri.org,1
www.iif.com.tr,1903
www.iijournals.com,6348
www.ijaronline.com,48
www.ijaweb.org,176
www.ijbnpa.org,408
www.ijcaonline.org,1703
www.ijcasereportsandimages.com,3
www.ijccm.org,268
www.ijcir.com,153
www.ijcm.org.in,488
www.ijdb.ehu.es,17
www.ijddc.com,187
www.ijdr.in,439
www.ijdvl.com,1255
www.ije.oupjournals.org,2177
www.ije.oxfordjournals.org,1753
www.ijem.in,16
www.ij-healthgeographics.com,414
www.ijhg.com,182
www.ijic.info,99
www.ijls.org,3
www.ijme.net,23
www.ijmedph.org,10
www.ijmhs.com,88
www.ijmm.org,611
www.ijmpo.org,122
www.ijmr.de,793
www.ijnm.in,25
www.ijnpnd.com,14
www.ijo.in,855
www.ijoem.com,171
www.ijoonline.com,482
www.ijos.org.cn,64
www.ijoticat.com,5
www.i-journals.org,74
www.ijoy.org.in,51
www.ijph.in,55
www.ijpm.info,75
www.ijpmonline.org,794
www.ijp-online.com,631
www.ijponline.net,141
www.ijps.org,381
www.ijpsonline.com,877
www.ijqhw.net,47
www.ijri.org,744
www.ijsa.net,15
www.ijsimm.com,102
www.ijsmart.eu,12
www.ijsmdo.org,75
www.ijstd.org,136
www.ijtmb.org,33
www.ijtrichology.com,65
www.ijvss.maftree.org,47
www.immunityageing.com,99
www.immunome-research.com,57
www.implementationscience.com,341
www.improbable.com,572
www.impub.co.uk,271
www.impublications.com,1686
www.inderscience.com,34688
www.indianjcancer.com,385
www.indianjmedsci.org,462
www.indianjnephrol.org,203
www.indianjpsychiatry.org,554
www.indianjurol.com,652
www.industrialpsychiatry.org,47
www.infectagentscancer.com,190
www.infectionecologyandepidemiology.net,4
www.informahealthcare.com,803
www.informapharmascience.com,25406
www.informaworld.com,74226
www.informs.org,209
www.ingentaconnect.com,562
www.ingentaselect.com,87293
www.innovationandentrepreneurship.net,8
www.inquiryjournalonline.org,1
www.intangiblecapital.org,9
www.intarchmed.com,111
www.intel.com,97
www.internationalbreastfeedingjournal.com,110
www.internationaljournalofwellbeing.org,10
www.internationalshoulderjournal.org,82
www.intimm.oupjournals.org,1541
www.intimm.oxfordjournals.org,821
www.intjdevbiol.com,892
www.intjem.com,15
www.intlpress.com,4
www.intmedpress.com,299
www.int-res.com,18256
www.investigativegenetics.com,24
www.iodp.org,146
www.iop.org,1
www.iovs.org,6410
www.ipabhi.org,103
www.ipol.im,3
www.irere.net,33
www.iseis.org,185
www.isguc.org,46
www.isgucdergi.org,82
www.issoonline.com,151
www.ital.sp.gov.br,115
www.itiis.org,173
www.itpa.lt,302
www.iucn-tftsg.org,2
www.iumj.indiana.edu,3900
www.iupac.org,10
www.iwaponline.com,5367
www.j3ea.org,254
www.jaaha.org,26
www.jaas.org.uk,50
www.jabb.biz,5
www.jabfm.org,974
www.jac.oupjournals.org,3518
www.jac.oxfordjournals.org,3129
www.jacmp.org,222
www.jaemcr.com,24
www.jae-online.org,779
www.jafib.com,99
www.jaim.in,70
www.jamia.org,683
www.jangiogenesis.com,37
www.japtr.org,17
www.jasn.org,3552
www.jastmag.org,40
www.jatm.com.br,66
www.jautoimdis.com,34
www.jaypeejournals.com,230
www.jbc.org,82630
www.jbem.vgtu.lt,23
www.jbioleng.org,64
www.j-biomed-discovery.com,29
www.jbiomedsci.com,272
www.jbiomedsem.com,19
www.jbjs.org.uk,1733
www.JBPPNI.com,33
www.jbppni.com,65
www.jcasonline.com,86
www.jcb.org,22958
www.jcbonline.org,3
www.jcd.org.in,196
www.jcdronline.com,48
www.jcem.vgtu.lt,11
www.jcenonline.com,276
www.jcheminf.com,126
www.jci.org,27827
www.jcimjournal.com,1364
www.jcimjournal.com.,82
www.jcircadianrhythms.com,80
www.jclinbioinformatics.com,11
www.jclinpharm.org,1736
www.jcmr-online.com,226
www.jco.org,5648
www.jcps.ac.cn,35
www.jcronline.org,55
www.jcrpe.org,89
www.jcvjs.com,21
www.jcytol.org,178
www.jdao-journal.org,69
www.jdcr.eu,65
www.jdsde.oxfordjournals.org,551
www.jeccr.com,453
www.jeelm.vgtu.lt,12
www.jeep-proceedings.org,24
www.jem.org,22081
www.jemrest.org,73
www.jeos.org,210
www.jexbot.oupjournals.org,546
www.jexpclinassistreprod.com,31
www.jfbi.org,30
www.jfcmonline.com,15
www.jfds.org,30
www.jfootankleres.com,198
www.jgeosci.org,110
www.jgid.org,126
www.jgme.org,89
www.jgp.org,7526
www.jhandsurg.org,5
www.jhc.org,842
www.jhna.org,17
www.jhoonline.org,140
www.jhrsonline.org,91
www.jhse.ua.es,113
www.jiaomr.org,58
www.jiaps.com,375
www.jiasociety.org,748
www.jibtherapies.com,63
www.JIBTherapies.com,2
www.jidc.org,409
www.jidonline.com,15
www.jiem.org,55
www.jimmunol.org,4002
www.jisponline.com,102
www.jisppd.com,306
www.jissn.com,219
www.jistem.fea.usp.br,115
www.jivresearch.org,42
www.jleukbio.org,2485
www.jlponline.org,51
www.jlps.gr.jp,257
www.jlr.org,2617
www.jmb.or.kr,153
www.jmedicalcasereports.com,1497
www.jmidlifehealth.org,26
www.jmir.org,633
www.jmolecularsignaling.com,71
www.jmp.org.in,164
www.jnabs.org,3
www.jnanobiotechnology.com,121
www.jnatpharm.org,19
www.jnci.oupjournals.org,1260
www.jnephrol.com,94
www.jneuroengrehab.com,283
www.jneuroinflammation.com,335
www.jneurosci.org,10713
www.jnrbm.com,90
www.jnrlse.org,55
www.jnsbm.org,13
www.joci.ecu.edu,54
www.jocmr.org,135
www.jofem.org,6
www.jognonline.com,262
www.joionline.org,755
www.jomfp.in,127
www.joms.org,6
www.jopdentonline.org,642
www.joponline.org,3860
www.jos.org.cn,5
www.jospt.org,718
www.josr-online.com,248
www.jot.fm,786
www.journal.chemistrycentral.com,173
www.journalagent.com,224
www.journal-imab-bg.org,98
www.journal-inflammation.com,186
www.journalmc.org,64
www.journalofathletictraining.org,293
www.journalofforensiceconomics.com,565
www.journalofmaps.com,177
www.journalofmas.com,235
www.journalofnursingeducation.com,308
www.journalofoptometry.org,2
www.journaloforalmicrobiology.net,25
www.journalofparasitology.org,2
www.journalofpediatricophthalmology.com,340
www.journalofrefractivesurgery.com,161
www.journalofsing.org,27
www.journalofvision.org,12601
www.journals.cambridge.org,699038
www.journals.elsevierhealth.com,19
www.journals.royalsoc.ac.uk,5
www.journals.uchicago.edu,260316
www.journals.unam.mx,56
www.journal-therapie.org,673
www.jove.com,982
www.jpalliativecare.com,158
www.jpathinformatics.org,45
www.jpbsonline.org,79
www.jpdt.org,7
www.jped.com.br,1009
www.jpedsurg.org,12
www.jpepsy.oupjournals.org,432
www.jpepsy.oxfordjournals.org,776
www.jpgmonline.com,460
www.jpharmacol.com,45
www.jphysiol.org,5685
www.jpier.org,3234
www.jpnonline.com,279
www.jprosthodont.com,237
www.jr.ietejournals.org,123
www.jraas.com,4
www.jrheum.com,108
www.jrheum.org,1327
www.jrnjournal.org,25
www.jrsm.org,894
www.jsswr.org,14
www.jstcr.org,44
www.jstor.org,2075728
www.jswconline.org,432
www.jsystchem.com,13
www.jtlu.org,12
www.jvetintmed.org,83
www.jyoungpharm.in,156
www.karger.com,277017
www.kau.edu.sa,24
www.kbbihtisas.org,11
www.kinderkrebsinfo.de,22
www.kinetoplastids.com,46
www.kirj.ee,708
www.klimikdergisi.org,36
www.kluweronline.com,168619
www.kmae-journal.org,1620
www.koedoe.co.za,22
www.korhek.org,2
www.kps.or.kr,3622
www.ksabc.or.kr,338
www.labanimal.com,1459
www.labmedonline.org,7
www.lajar.cl,120
www.lamjol.info,120
www.landesbioscience.com,12220
www.landscapeonline.de,25
www.la-press.com,711
www.larsg-revue.com,644
www.law.ed.ac.uk,231
www.leaonline.com,2608
www.learnmem.org,863
www.lei.furg.br,6
www.lelait-journal.org,64
www.libyanjournalofmedicine.net,49
www.liebertonline.com,87144
www.lifescied.org,488
www.limnology-journal.org,765
www.linguistiquefrancaise.org,359
www.lipidmaps.org,88
www.Lipidworld.com,12
www.lipidworld.com,421
www.lmcs-online.org,210
www.logicandanalysis.com,23
www.logicandanalysis.org,2
www.logistics-journal.de,22
www.lungindia.com,242
www.maa.org,34
www.maccs.mq.edu.au,57
www.macrothink.org,42
www.malariajournal.com,1629
www.marmaramedicaljournal.org,16
www.marsjournal.org,19
www.math.klte.hu,35
www.math.ualberta.ca,22
www.mathematica-journal.com,19
www.maths.warwick.ac.uk,1
www.mattech-journal.org,256
www.mayoclinicproceedings.com,3757
www.mbaa.com,118
www.mbcb-journal.org,212
www.mcpharmacol.com,20
www.mcponline.org,1601
www.mdpi.com,11628
www.mdpi.org,89
www.meajo.org,140
www.mecanique-industries.org,202
www.mechanicalcirculatorysupport.net,4
www.medecine-nutrition.org,104
www.medecinesciences.org,2401
www.med-ed-online.net,1
www.med-ed-online.org,34
www.medicaljournals.se,46
www.medicinaoral.com,313
www.medicrit.com,120
www.medimmunol.com,19
www.medwelljournals.com,1912
www.mercator.ufc.br,94
www.metapress.com,60
www.metodosdeinformacion.es,6
www.metrology-journal.org,20
www.mic-journal.no,467
www.microbelibrary.org,1
www.microbialcellfactories.com,504
www.minersoc.org,9259
www.mitpressjournals.org,21603
www.mjhid.org,85
www.mla.vgtu.lt,130
www.mlajournals.org,1005
www.mmnp-journal.org,271
www.mobilednajournal.com,29
www.molbiolcell.org,4189
www.molecularautism.com,16
www.molecularbrain.com,109
www.molecular-cancer.com,856
www.molecularcytogenetics.org,86
www.molecularneurodegeneration.com,203
www.molecularpain.com,372
www.molehr.oupjournals.org,1233
www.molehr.oxfordjournals.org,601
www.mollus.oupjournals.org,330
www.mollus.oxfordjournals.org,288
www.molmed.org,344
www.mongoliajol.info,36
www.morganclaypool.com,371
www.mosby.com,6818
www.mrs.org,4719
www.msmonographs.org,123
www.msp.warwick.ac.uk,1526
www.multilingual-matters.net,450
www.mutage.oupjournals.org,531
www.mutage.oxfordjournals.org,435
www.mycologia.org,734
www.nafo.int,4
www.nano-reviews.net,17
www.nanoscalereslett.com,293
www.nar.oupjournals.org,8270
www.nar.oxfordjournals.org,7398
www.nat-hazards-earth-syst-sci.net,1144
www.nature.com,686758
www.natureasia.com,289
www.ncbi.nlm.nih.gov,2910
www.ndrs.org.uk,52
www.ndt.oupjournals.org,6429
www.ndt.oxfordjournals.org,4940
www.necplus.eu,252
www.nejlt.ep.liu.se,3
www.nejm.org,107769
www.nepjol.info,1174
www.neucas.oupjournals.org,1401
www.neuraldevelopment.com,154
www.neuralsystemsandcircuits.com,7
www.neurology.org,7182
www.neurologyindia.com,1071
www.neurores.org,3
www.neuroscience-gateway.org,130
www.neutron-sciences.org,75
www.nida.nih.gov,64
www.nii.ac.jp,56
www.niso.org,90
www.njms.in,21
www.nmletters.org,24
www.noiseandhealth.org,162
www.nonlinearbiomedphys.com,44
www.nonlin-processes-geophys.net,863
www.noropsikiyatriarsivi.com,81
www.nowpublishers.com,265
www.nozomiscience.org,8
www.nrc.ca,84572
www.nss-journal.org,208
www.ntnu.no,6
www.ntvt.nl,72
www.nuclear-receptor.com,21
www.nucleus.feituverava.com.br,140
www.nursa.org,78
www.nutritionandmetabolism.com,317
www.nutritionj.com,353
www.nwpii.com,91
www.occup-med.com,161
www.ocean-sci.net,238
www.ocean-sci-discuss.net,303
www.oecd-ilibrary.org,2101
www.oecologia.biologia.ufrj.br,2
www.oecologiaaustralis.org,105
www.oftalmoloji.org,64
www.ojoonline.org,116
www.OJRD.com,100
www.ojrd.com,173
www.ojvr.org,8
www.oldenbourg-link.com,15075
www.omicsonline.com,480
www.omicsonline.org,1132
www.omjournal.org,130
www.om-pc.com,42
www.onepetro.org,69308
www.online.karger.com,20
www.onlinejet.net,11
www.onlinejets.org,211
www.online-journals.org,97
www.ons.org,3
www.opticsexpress.org,2134
www.opticsinfobase.org,105607
www.opticsjournal.net,8210
www.opuluspress.se,35
www.origins-and-evolution.org,10
www.ortho.oupjournals.org,465
www.orthodfr.org,151
www.orthosupersite.com,825
www.osa-jon.org,132
www.osli.com,410
www.otjronline.com,70
www.ovarianresearch.com,63
www.pagepress.org,519
www.pagepressjournals.org,1
www.paleoanthro.org,5
www.palgrave-journals.com,33291
www.papersinphysics.org,20
www.paralia.fr,783
www.parasitesandvectors.com,294
www.particleandfibretoxicology.com,152
www.pathexo.fr,49
www.pathogenetics.com,4
www.pathogeneticsjournal.com,11
www.pccj.eu,119
www.pcronline.com,560
www.pdiconnect.com,216
www.peacta.org,423
www.peanutscience.com,1010
www.pedagogie-medicale.org,330
www.pediatricneurosciences.com,171
www.pediatricsupersite.com,262
www.pedijatrijadanas.com,18
www.pedpath.org,629
www.pedresearch.org,220
www.ped-rheum.com,330
www.peh-med.com,108
www.pensoft.net,508
www.perceptionweb.com,3624
www.periodicos.rc.biblioteca.unesp.br,147
www.periodicos.uem.br,180
www.periodicos.ufsc.br,311
www.permi.or.id,85
www.persee.fr,132793
www.perspectivaeconomica.unisinos.br,25
www.perspectives-psy.org,155
www.petrology.oupjournals.org,819
www.petrology.oxfordjournals.org,537
www.pg.cefetpr.br,180
www.pg.utfpr.edu.br,286
www.pharmadeals.net,1296
www.phcfm.org,73
www.phcog.com,101
www.phcogj.com,34
www.phcogres.com,91
www.phcogrev.com,29
www.philjol.info,962
www.phmethods.org,11
www.phycologia.org,2908
www.physica.org,1947
www.physmathcentral.com,77
www.physsportsmed.com,1578
www.picronline.org,9
www.plankt.oupjournals.org,852
www.plankt.oxfordjournals.org,783
www.plantcell.org,4971
www.plantmanagementnetwork.org,1001
www.plantmethods.com,130
www.plantphysiol.org,25884
www.plosbiology.org,4
www.plosmedicine.org,1673
www.pnas.org,106529
www.pnrjournal.com,16
www.pnwfungi.org,54
www.polarresearch.net,6
www.policy-perspectives.org,129
www.polish.polar.pan.pl,11
www.politeknik.gazi.edu.tr,38
www.politicaltheology.com,146
www.polymer-process.com,184
www.pophealthmetrics.com,129
www.portalabpg.org.br,16
www.portico.org,609
www.postgradmed.com,2158
www.postgradmed.org,49
www.potravinarstvo.com,73
www.pp.bme.hu,203
www.ppgecologia.biologia.ufrj.br,252
www.pph.uem.br,511
www.prefixjournal.org,11
www.printernet.info,984
www.proteinscience.org,73
www.proteomesci.com,222
www.Proteomesci.com,5
www.psocommons.org,248
www.pssjournal.com,91
www.psychiatricannalsonline.com,226
www.psychiatrist.com,255
www.psychosocial-intervention.org,41
www.psychosomaticmedicine.org,1264
www.psycneuro.org,91
www.psycontent.com,170
www.ptjournal.org,119
www.publicacoesacademicas.uniceub.br,418
www.publichealthinafrica.org,31
www.publish.csiro.au,70101
www.pubmedcentral.gov,4166
www.pubmedcentral.nih.gov,1609
www.pvdirect-journal.org,3
www.pvrireview.org,84
www.qjmed.oupjournals.org,1150
www.qjmed.oxfordjournals.org,1099
www.qjps.com,86
www.qscience.com,188
www.quadrature-journal.org,44
www.radiologycases.com,196
www.radioprotection.org,981
www.rairo-ita.org,388
www.rairo-ro.org,292
www.rakenduslingvistika.ee,80
www.rbej.com,752
www.RBEj.com,68
www.rbhh.org,44
www.rbmfc.org.br,18
www.rcjournal.com,8
www.rcpe.ac.uk,126
www.rcsb.org,142
www.reactome.org,181
www.reading.org,1577
www.rechtd.unisinos.br,39
www.reciis.cict.fiocruz.br,377
www.reciis.icict.fiocruz.br,52
www.ree.see.asso.fr,1422
www.reference-global.com,170965
www.refletsdelaphysique.fr,152
www.rehab.research.va.gov,897
www.rei.unipg.it,26
www.rela.ep.liu.se,10
www.remedicajournals.com,49
www.reproduction-online.org,11854
www.reproductive-health-journal.com,108
www.resource-allocation.com,125
www.retrovirology.com,2003
www.revcolanest.com.co,11
www.revespcardiol.org,1148
www.revistaalzheimer.com,6
www.revistaclinicacontemporanea.org,34
www.revistacomunicar.com,246
www.revistafilosofia.unisinos.br,54
www.revistaneurociencias.com.br,51
www.revistapolimeros.org.br,1
www.revistas.uchile.cl,2206
www.revistas.uepg.br,29
www.revistas.ufg.br,352
www.revistas.unal.edu.co,21
www.revistas.unam.mx,26
www.revistas.unam.mx.,3
www.revistas2.uepg.br,389
www.revue-metallurgie.org,150
www.rheumatology.oupjournals.org,3302
www.rheumatology.oxfordjournals.org,2924
www.ria-online.com,44
www.rilem.net,1202
www.rivistaurologia.it,11
www.rjlm.ro,93
www.rmmj.org.il,23
www.rnajournal.org,1266
www.roboticpublications.com,42
www.ro-journal.com,353
www.rpsonline.com.sg,242
www.rrjournal.org,24
www.rsp.hr,814
www.ruralneuropractice.com,42
www.sage-hindawi.com,1124
www.sajhrm.co.za,13
www.sajim.co.za,11
www.sajip.co.za,49
www.sajs.co.za,148
www.salinesystems.org,70
www.saudiannals.net,421
www.saudija.org,69
www.saudijgastro.com,353
www.sbejournal.com,4
www.sbgoztepehastanesi.gov.tr,19
www.sbkb.org,6
www.sbpbrasil.org,181
www.scfbm.org,58
www.schattauer.de,3717
www.scholarpedia.org,685
www.scialert.net,26370
www.scichina.com,3237
www.scideanews.com,97
www.ScideaNews.com,3
www.sciedu.ca,57
www.scielo.br,166360
www.scielo.cl,26386
www.scielosp.org,5611
www.scienceasia.org,1170
www.sciencefromisrael.com,1137
www.sciencemag.org,227396
www.science-motricite.org,43
www.scientific.net,101282
www.scientificsocieties.com,1
www.scientificsocieties.org,2
www.scihub.org,330
www.scipharm.at,514
www.scipub.org,10
www.scirp.org,3700
www.scitepress.org,5971
www.sciwipub.com,708
www.scoliosisjournal.com,400
www.scopemed.org,178
www.seer.furg.br,28
www.seminarsinradiologictechnology.com,5
www.seminhematol.org,13
www.sgem.org,18
www.shf-lhb.org,3144
www.siam.org,344
www.signaling-gateway.org,655
www.silencejournal.com,20
www.sisef.it,322
www.sjovs.org,6
www.sjruraldevelopment.org,68
www.sjtrem.com,265
www.sjweh.fi,55
www.skeletalmusclejournal.com,17
www.skt.vgtu.lt,43
www.slackinc.com,1272
www.sljol.info,2019
www.smarttjournal.com,64
www.soc-bdr.org,181
www.soc-geogr.net,36
www.soc-geogr-discuss.net,35
www.socpvs.org,41
www.socresonline.org.uk,733
www.soils.org,17500
www.solid-earth.net,14
www.solid-earth-discuss.net,32
www.spandidos-publications.com,4002
www.spe.org,37742
www.spie.org,3062
www.sportlogia.com,24
www.springerlink.com,3464009
www.ssrn.com,26855
www.standardsingenomics.org,132
www.stembook.org,53
www.stephan-mueller-spec-publ-ser.net,75
www.stewartpostharvest.com,53
www.studiesinmycology.org,107
www.substanceabusepolicy.com,153
www.surgicalneurologyint.com,133
www.surgisphere.com,13
www.surv-perspect-integr-environ-soc.net,12
www.sv-jme.eu,32
www.sykepleien.no,2
www.symposium.cshlp.org,164
www.sysrevpharm.org,27
www.tard.gen.tr,8
www.tbiomed.com,262
www.tede.vgtu.lt,10
www.termedia.pl,460
www.terrapub.co.jp,178
www.theannals.com,3427
www.the-cryosphere.net,114
www.the-cryosphere-discuss.net,185
www.thelsjm.com,43
www.theoryofcomputing.org,71
www.thepcrj.org,343
www.thermalfluidscentral.org,38
www.thescientificworld.co.uk,2495
www.thescipub.com,5225
www.thieme-connect.de,309541
www.thoracicmedicine.org,225
www.thrombosisjournal.com,135
www.thyroidresearchjournal.com,38
www.tidsskriftet.no,2693
www.tipbilimleri.turkiyeklinikleri.com,370
www.tjr.org.tr,22
www.tjtes.org,23
www.tndt.org,72
www.tobaccoinduceddiseases.com,137
www.tobaccoscienceonline.org,37
www.toraks.org.tr,39
www.toxicologyinternational.com,43
www.toxsci.oupjournals.org,1804
www.toxsci.oxfordjournals.org,1908
www.tpa.vgtu.lt,12
www.tparazitolderg.org,17
www.transformativestudies.org,104
www.translational-medicine.com,685
www.transport.vgtu.lt,11
www.traumamanagement.org,46
www.trialsjournal.com,471
www.trjfas.org,134
www.tropicalparasitology.org,10
www.ttvam.lt,23
www.turkdermatolojidergisi.com,21
www.turkishneurosurgery.org.tr,216
www.turkjpath.org,82
www.turknoropsikiyatri.org,34
www.turkpediatriarsivi.com,95
www.turkpsikiyatri.com,18
www.turkurolojidergisi.com,75
www.turkurolojiseminerleri.com,45
www.turpion.org,339
www.tutfd.org,183
www.uff.br,16
www.ufpe.br,545
www.ufrr.br,79
www.uhod.org,20
www.uhu.es,88
www.uic.edu,1
www.ulusalcerrahidergisi.org,49
www.unifor.br,264
www.uniodf-journal.org,49
www.unisinos.br,409
www.upf.br,68
www.urogynaecologia.it,53
www.urologyannals.com,71
www.urotoday.com,337
www.us.elsevierhealth.com,561
www.vaccineveritas.com,94
www.vard.org,4
www.vascular-access.info,73
www.vascularcell.com,7
www.ve.org.za,86
www.verlag-hanshuber.com,10752
www.versoereverso.unisinos.br,28
www.veterinaryresearch.org,55
www.vetpathology.org,57
www.vetres.org,320
www.vgtu.lt,147
www.vindicomeded.com,24
www.virologyj.com,1252
www.vjol.info,363
www.vjol.info.vn,10
www.warc.com,573
www.water-quality-journal.org,664
www.wef.org,7
www.who.int,1124
www.widedu.com,4
www.wildlifejournals.org,98
www.wissenschaft-online.de,1942
www.wjes.org,191
www.wjgnet.com,4064
www.wjon.org,54
www.wjso.com,784
www.worldscientific.com,627
www.worldscientific.com.sg,1
www.worldscinet.com,87569
www.wormbook.org,151
www.wpro.who.int,4
www.wrs.upv.es,21
www.wwwords.co.uk,2514
www.xatypon.com,6
www.ysjournal.com,12
www.zju.edu.cn,1139
www1.montpellier.inra.fr,40
www1.mosby.com,3796
www2.us.elsevierhealth.com,61
wwwdev.cdc.gov,38
wwww.airccse.org,1
xlink.rsc.org,303991
yas.sagepub.com,782
yec.sagepub.com,271
yel.oxfordjournals.org,413
yielaw.oxfordjournals.org,378
yjj.sagepub.com,334
you.sagepub.com,406
yvj.sagepub.com,184
ywcct.oxfordjournals.org,258
ywes.oxfordjournals.org,1567
,30233
