domain,count
goo.gl,3221547
www.nature.com,60501
arxiv.org,22388
www.cdc.gov,20316
www.who.int,19202
www.nejm.org,11403
www.bmj.com,11000
www.sciencemag.org,9068
dx.doi.org,6016
www.biomedcentral.com,4343
www.pnas.org,4222
www.intel.com,4079
pubs.acs.org,3877
www.apa.org,2926
www.frontiersin.org,2710
journals.cambridge.org,2697
www.elsevier.com,2583
www.ncbi.nlm.nih.gov,1764
www.jstor.org,1726
www.warc.com,1706
informahealthcare.com,1537
www.palgrave-journals.com,1515
bjsm.bmj.com,1326
www.cmaj.ca,1310
www.mdpi.com,1186
frontiersin.org,1151
pubs.rsc.org,1151
www.drugabuse.gov,1138
www.natureasia.com,1084
www.scirp.org,1024
ieeexplore.ieee.org,932
pediatrics.aappublications.org,884
ccforum.com,815
www.hindawi.com,812
www.ingentaconnect.com,765
circ.ahajournals.org,749
rspb.royalsocietypublishing.org,739
www.cfapubs.org,731
sciencecareers.sciencemag.org,728
content.healthaffairs.org,715
www.urotoday.com,708
www.oecd-ilibrary.org,705
www.cairn.info,686
www.jmir.org,649
jco.ascopubs.org,640
www.esajournals.org,619
stm.sciencemag.org,615
cid.oxfordjournals.org,608
muse.jhu.edu,592
www.guttmacher.org,589
guttmacher.org,579
www.emeraldinsight.com,576
www.bioone.org,565
www.ifpri.org,556
ehp.niehs.nih.gov,549
www.dovepress.com,536
genomebiology.com,519
www.jneurosci.org,494
jn.nutrition.org,492
www.neurology.org,467
journals.ametsoc.org,455
www.scielo.br,437
www.publish.csiro.au,427
www.americanscientist.org,423
www.futuremedicine.com,418
pss.sagepub.com,417
bmjopen.bmj.com,415
www.heacademy.ac.uk,406
bioinformatics.oxfordjournals.org,402
rstb.royalsocietypublishing.org,400
www.biotechniques.com,392
www.karger.com,387
heart.bmj.com,387
brain.oxfordjournals.org,378
www.ufpe.br,377
www.reading.org,373
www.wpro.who.int,354
ard.bmj.com,352
mbe.oxfordjournals.org,339
www.jospt.org,331
www.bloodjournal.org,319
www.improbable.com,319
www.ams.org,317
www.revespcardiol.org,307
www.ijbnpa.org,307
jap.physiology.org,305
erj.ersjournals.com,301
pmj.sagepub.com,296
www.cma.ca,296
tobaccocontrol.bmj.com,288
ajph.aphapublications.org,285
www.int-res.com,283
aut.sagepub.com,283
rsbl.royalsocietypublishing.org,272
www.euppublishing.com,270
jpubhealth.oxfordjournals.org,265
rsif.royalsocietypublishing.org,265
qualitysafety.bmj.com,264
mbio.asm.org,262
jom.sagepub.com,261
jnci.oxfordjournals.org,254
circoutcomes.ahajournals.org,253
stroke.ahajournals.org,252
clincancerres.aacrjournals.org,250
www.iop.org,247
stke.sciencemag.org,246
genome.cshlp.org,243
aje.oxfordjournals.org,242
adsabs.harvard.edu,240
www.jci.org,238
www.kau.edu.sa,238
www.maa.org,229
www.spe.org,224
nar.oxfordjournals.org,222
www.dlib.org,222
www.mitpressjournals.org,220
jnnp.bmj.com,218
bos.sagepub.com,215
www.persee.fr,211
www.annualreviews.org,210
adc.bmj.com,209
ioc.sagepub.com,206
ageing.oxfordjournals.org,203
cancerres.aacrjournals.org,200
pps.sagepub.com,200
care.diabetesjournals.org,199
jech.bmj.com,199
www.implementationscience.com,199
jid.oxfordjournals.org,197
www.ehjournal.net,197
bjp.rcpsych.org,196
benthamscience.com,193
www.upf.br,192
www.qscience.com,189
www.jnrbm.com,188
jeb.biologists.org,186
dem.sagepub.com,184
jn.physiology.org,183
gut.bmj.com,181
utpjournals.metapress.com,181
www.ajnr.org,181
www.unisinos.br,179
www.genetics.org,178
scan.oxfordjournals.org,177
jcr.sagepub.com,176
www.chemistryviews.org,175
www.geosociety.org,174
www.opticsinfobase.org,173
psp.sagepub.com,173
www.socresonline.org.uk,173
jcs.biologists.org,172
edr.sagepub.com,172
spp.sagepub.com,172
www.uic.edu,172
www.biogeosciences.net,171
www.trialsjournal.com,170
www.atmos-chem-phys-discuss.net,166
pubs.aeaweb.org,165
ije.oxfordjournals.org,165
www.jove.com,163
scielo.isciii.es,162
www.ibimapublishing.com,162
rnajournal.cshlp.org,161
www.enveurope.com,159
www.uhu.es,157
www.la-press.com,155
www.atmos-chem-phys.net,152
thorax.bmj.com,149
ptjournal.apta.org,149
scripts.iucr.org,148
www.ntnu.no,145
www.scielo.cl,144
www.health-policy-systems.com,142
www.intjem.com,139
jcb.rupress.org,137
www.annfammed.org,136
pb.rcpsych.org,135
annonc.oxfordjournals.org,134
soc.sagepub.com,134
www.jbc.org,131
www.giornaledellalibreria.it,128
dx.plos.org,127
nms.sagepub.com,127
www.journals.cambridge.org,124
rsta.royalsocietypublishing.org,123
jop.ascopubs.org,123
www.cabi.org,123
hpq.sagepub.com,120
www.worldscientific.com,120
beheco.oxfordjournals.org,120
irx.sagepub.com,119
www.harcourthealth.com,119
www.plantcell.org,118
cercor.oxfordjournals.org,118
www.revistacomunicar.com,118
aem.asm.org,116
www.soils.org,114
www.aanda.org,114
eurheartj.oxfordjournals.org,113
jpr.sagepub.com,113
www.lifescied.org,113
www.astm.org,110
geology.gsapubs.org,109
iospress.metapress.com,109
ehponline.org,109
journals.sfu.ca,108
revistas.ucm.es,108
rstl.royalsocietypublishing.org,107
jac.oxfordjournals.org,107
jem.rupress.org,107
www.thieme-connect.de,106
projecteuclid.org,106
www.jissn.com,106
ajpendo.physiology.org,105
aim.bmj.com,105
emj.bmj.com,104
ebm.bmj.com,104
www.amjbot.org,103
jacmp.org,103
veterinaryrecord.bmj.com,102
prod.kau.edu.sa,102
rheumatology.oxfordjournals.org,101
dev.biologists.org,101
www.fasebj.org,99
jme.bmj.com,97
jxb.oxfordjournals.org,96
qje.oxfordjournals.org,96
www.jfootankleres.com,96
jvi.asm.org,95
jop.sagepub.com,95
pan.oxfordjournals.org,95
ajp.psychiatryonline.org,94
www.iijournals.com,94
ejt.sagepub.com,93
www.niso.org,93
mct.aacrjournals.org,92
search.informit.com.au,91
jcp.bmj.com,90
www.wjso.com,88
genomemedicine.com,88
journal.transformativeworks.org,87
www.politicaltheology.com,86
pen.sagepub.com,84
jhppl.dukejournals.org,84
ann.sagepub.com,83
physrev.physiology.org,82
jfi.sagepub.com,81
www.molecularautism.com,81
www.malariajournal.com,80
circimaging.ahajournals.org,80
msj.sagepub.com,79
jpet.aspetjournals.org,78
ebn.bmj.com,78
www.biogeosciences-discuss.net,77
www.ajtmh.org,77
www.rcsb.org,77
circres.ahajournals.org,76
www.ijmhs.com,76
hyper.ahajournals.org,75
eurpub.oxfordjournals.org,74
diabetes.diabetesjournals.org,73
icesjms.oxfordjournals.org,73
apt.rcpsych.org,72
www.toraks.org.tr,72
bja.oxfordjournals.org,71
www.molecular-cancer.com,71
ir.lib.uwo.ca,71
ntr.oxfordjournals.org,70
www.virologyj.com,70
rfg.revuesonline.com,70
acikarsiv.ankara.edu.tr,70
cebp.aacrjournals.org,69
www.demographic-research.org,69
www.nutritionandmetabolism.com,69
www.globalhealthaction.net,69
molpharm.aspetjournals.org,68
www.jiasociety.org,68
library.queensu.ca,68
jcm.asm.org,66
www.nii.ac.jp,66
breast-cancer-research.com,65
www.ajhp.org,65
heapol.oxfordjournals.org,65
chiromt.com,65
www.entsoc.org,64
www.biochemj.org,62
ctx.sagepub.com,62
www.the-cryosphere-discuss.net,62
www.plantphysiol.org,61
www.agronomy.org,61
www.ajronline.org,61
gbe.oxfordjournals.org,61
www.clinchem.org,59
jrn.sagepub.com,59
schizophreniabulletin.oxfordjournals.org,59
aac.asm.org,58
www.future-science.com,58
rspa.royalsocietypublishing.org,57
www.ojrd.com,57
www.geosci-model-dev-discuss.net,57
www.jgme.org,57
thejns.org,56
oem.bmj.com,56
www.caareviews.org,56
www.hydrol-earth-syst-sci.net,56
csp.sagepub.com,56
www.envplan.com,55
www.globalizationandhealth.com,55
rsh.sagepub.com,54
www.unifor.br,54
www.clim-past.net,54
ped.sagepub.com,53
www.the-cryosphere.net,53
hdl.handle.net,52
casereports.bmj.com,52
www.mcponline.org,52
cjasn.asnjournals.org,52
www.clinsci.org,52
gerontologist.oxfordjournals.org,52
cje.oxfordjournals.org,52
www.frontiersinzoology.com,52
scholarcommons.usf.edu,52
www.publichealthinafrica.org,52
fn.bmj.com,51
www.translational-medicine.com,51
www.investigativegenetics.com,51
linkinghub.elsevier.com,50
www.inderscience.com,50
www.biolreprod.org,50
ajpheart.physiology.org,50
apsjournals.apsnet.org,49
jhs.sagepub.com,49
www.plantmethods.com,49
ajpcell.physiology.org,48
theoncologist.alphamedpress.org,48
cre.sagepub.com,48
crx.sagepub.com,48
hhs.sagepub.com,48
www.human-resources-health.com,48
www.mrs.org,47
mcs.sagepub.com,47
hol.sagepub.com,47
esr.oxfordjournals.org,47
asr.sagepub.com,47
www.caot.ca,47
endo.endojournals.org,46
www.apsnet.org,46
jicj.oxfordjournals.org,46
atvb.ahajournals.org,45
crs.sagepub.com,45
www.rbej.com,45
bib.oxfordjournals.org,45
www1.montpellier.inra.fr,45
dergiler.ankara.edu.tr,45
www.journalofvision.org,44
www.revistas.uchile.cl,44
www.surgicalneurologyint.com,44
www.wef.org,44
spr.sagepub.com,43
www.nat-hazards-earth-syst-sci.net,43
www.jacmp.org,43
banglajol.info,42
www.revistas.unam.mx,42
www.revistas.unam.mx.,42
avmajournals.avma.org,41
www.scielosp.org,41
www.perceptionweb.com,41
ajcp.ascpjournals.org,41
sdi.sagepub.com,41
respiratory-research.com,41
www.revistas.unal.edu.co,41
revistas.unam.mx,41
ijr.sagepub.com,40
www.nepjol.info,40
nepjol.info,40
genesdev.cshlp.org,40
www.scholarpedia.org,40
clinical.diabetesjournals.org,40
dmm.biologists.org,40
www.ro-journal.com,40
downloads.hindawi.com,40
www.crops.org,39
ps.psychiatryonline.org,39
nnr.sagepub.com,39
jhered.oxfordjournals.org,39
www.parasitesandvectors.com,39
www.ons.org,39
xlink.rsc.org,38
www.molbiolcell.org,38
www.plosmedicine.org,38
gas.sagepub.com,38
www.jot.fm,38
circheartfailure.ahajournals.org,38
rre.sagepub.com,38
fh.oxfordjournals.org,37
policing.oxfordjournals.org,37
iai.asm.org,36
sss.sagepub.com,36
nej.sagepub.com,36
rock.geosociety.org,36
chc.sagepub.com,36
qrj.sagepub.com,36
www.atmos-meas-tech.net,36
www.terrapub.co.jp,36
gsabulletin.gsapubs.org,36
psychiatrist.com,36
tc.bmj.com,36
www.icevirtuallibrary.com,35
bjo.bmj.com,35
usj.sagepub.com,35
hum.sagepub.com,35
www.banglajol.info,35
bjps.oxfordjournals.org,35
www.pcronline.com,35
online-journals.org,35
www.siam.org,35
circgenetics.ahajournals.org,35
ijtj.oxfordjournals.org,35
www.banglajol.info.,35
ijs.sgmjournals.org,34
abs.sagepub.com,34
het.sagepub.com,34
ncp.sagepub.com,34
labmed.ascpjournals.org,34
neuro-oncology.oxfordjournals.org,34
psr.sagepub.com,34
www.psychiatrist.com,34
cmc.sagepub.com,34
extra.shu.ac.uk,34
www.amsciepub.com,33
tcs.sagepub.com,33
cpr.sagepub.com,33
www.jabfm.org,33
bjc.oxfordjournals.org,33
redc.revistas.csic.es,33
www.geosci-model-dev.net,33
www.epigeneticsandchromatin.com,33
www.sjweh.fi,33
www.ssrn.com,32
jb.asm.org,32
liverpool.metapress.com,32
bjsw.oxfordjournals.org,32
www.jidc.org,32
www.informs.org,32
mtq.sagepub.com,32
stemcellres.com,32
tpp.sagepub.com,32
openurl.ingenta.com,31
www.crossref.org,31
www.jcb.org,31
pwq.sagepub.com,31
ire.sagepub.com,31
jiplp.oxfordjournals.org,31
www.kirj.ee,31
heapro.oxfordjournals.org,31
sex.sagepub.com,31
www.law.ed.ac.uk,31
www.veterinaryresearch.org,31
www.ijtmb.org,31
ijdc.net,31
ijtmb.org,31
www.plosbiology.org,31
www.bioscience.org,30
phg.sagepub.com,30
csi.sagepub.com,30
sysbio.oxfordjournals.org,30
biomedgerontology.oxfordjournals.org,30
www.termedia.pl,30
crj.sagepub.com,30
www.spandidos-publications.com,29
cep.sagepub.com,29
arthritis-research.com,29
www.hydrol-earth-syst-sci-discuss.net,29
dtb.bmj.com,29
www.nutritionj.com,29
www.journalagent.com,29
alzres.com,29
iupac.org,28
www.jrheum.org,28
jnis.bmj.com,28
err.ersjournals.com,28
www.app.pan.pl,28
www.iupac.org,28
www.jimmunol.org,27
www.bioscirep.org,27
sth.sagepub.com,27
www.informahealthcare.com,27
www.ers-education.org,27
www.medicaljournals.se,27
www.benthamscience.com,27
periodicos.ufsc.br,27
mic.sgmjournals.org,26
www.iwaponline.com,26
hej.sagepub.com,26
srl.geoscienceworld.org,26
ebmh.bmj.com,26
ema.sagepub.com,26
past.oxfordjournals.org,26
hsb.sagepub.com,26
fg.bmj.com,26
jhl.sagepub.com,25
rer.sagepub.com,25
oss.sagepub.com,25
aja.sagepub.com,25
jpart.oxfordjournals.org,25
ep.bmj.com,25
www.rcpe.ac.uk,25
poj.peeters-leuven.be,24
cpj.sagepub.com,24
prq.sagepub.com,24
em.oxfordjournals.org,24
wes.sagepub.com,24
aer.sagepub.com,24
www.plantmanagementnetwork.org,24
afraf.oxfordjournals.org,24
www.harmreductionjournal.com,24
www.scopemed.org,24
jcsl.oxfordjournals.org,24
recyt.fecyt.es,24
jep.textrum.com,24
crossref.org,24
www.jem.org,23
sti.bmj.com,23
www.ems-ph.org,23
ajpregu.physiology.org,23
jos.sagepub.com,23
plankt.oxfordjournals.org,23
jrc.sagepub.com,23
hij.sagepub.com,23
vmj.sagepub.com,23
cjp.sagepub.com,23
www.jswconline.org,23
sph.sagepub.com,23
car.sagepub.com,23
www.journals.unam.mx,23
www.pagepressjournals.org,23
jmg.bmj.com,22
jhmas.oxfordjournals.org,22
www.dustri.com,22
occmed.oxfordjournals.org,22
toxsci.oxfordjournals.org,22
cjb.sagepub.com,22
rsbm.royalsocietypublishing.org,22
hfs.sagepub.com,22
jad.sagepub.com,22
ijpor.oxfordjournals.org,22
oep.oxfordjournals.org,22
phe.oxfordjournals.org,22
communication.revues.org,22
www.skeletalmusclejournal.com,22
www.aslo.org,21
hmg.oxfordjournals.org,21
cdp.sagepub.com,21
nro.sagepub.com,21
jea.sagepub.com,21
bas.sagepub.com,21
vertigo.revues.org,21
gpi.sagepub.com,21
www.ij-healthgeographics.com,21
www.clim-past-discuss.net,21
circep.ahajournals.org,21
slg.sagepub.com,21
www.copmadrid.org,21
synapse.koreamed.org,20
mcr.sagepub.com,20
aob.oxfordjournals.org,20
jnm.snmjournals.org,20
jss.sagepub.com,20
www.internationalbreastfeedingjournal.com,20
www.ccsenet.org,20
espacepolitique.revues.org,20
dhg.sagepub.com,20
strenae.revues.org,20
www.biology.ualberta.ca,20
smh.sagepub.com,20
pmj.bmj.com,19
ttj.sagepub.com,19
ajpgi.physiology.org,19
jme.sagepub.com,19
uex.sagepub.com,19
shm.oxfordjournals.org,19
jce.sagepub.com,19
cac.sagepub.com,19
qix.sagepub.com,19
www.ijo.in,19
www.jopdentonline.org,19
pn.bmj.com,19
rsob.royalsocietypublishing.org,19
ajl.sagepub.com,19
mh.bmj.com,19
www.atmos-meas-tech-discuss.net,19
histoire-education.revues.org,19
champpenal.revues.org,19
www.sajs.co.za,19
database.oxfordjournals.org,19
www.uff.br,19
www.annalsofintensivecare.com,19
www.wjgnet.com,18
cdj.oxfordjournals.org,18
jab.sagepub.com,18
www.haematologica.org,18
rsnr.royalsocietypublishing.org,18
qhr.sagepub.com,18
epa.sagepub.com,18
terrain.revues.org,18
rfs.oxfordjournals.org,18
tcr.sagepub.com,18
orm.sagepub.com,18
pus.sagepub.com,18
jdh.oxfordjournals.org,18
alh.sagepub.com,18
ajcc.aacnjournals.org,18
www.substanceabusepolicy.com,18
www.molecularbrain.com,18
journals.hil.unb.ca,18
www.childlitaesthetics.net,18
www.polarresearch.net,18
www.eje-online.org,17
www.impublications.com,17
clt.sagepub.com,17
sri.sagepub.com,17
ctj.sagepub.com,17
jou.sagepub.com,17
tas.sagepub.com,17
www.morganclaypool.com,17
www.cardiovascularultrasound.com,17
ajhpcontents.org,17
www.aacijournal.com,17
lea.sagepub.com,17
ccn.aacnjournals.org,17
english.oxfordjournals.org,17
joe.endocrinology-journals.org,16
trb.metapress.com,16
carcin.oxfordjournals.org,16
isp.sagepub.com,16
cad.sagepub.com,16
ifl.sagepub.com,16
www.jmedicalcasereports.com,16
aff.sagepub.com,16
jcd.sagepub.com,16
ojls.oxfordjournals.org,16
ltj.sagepub.com,16
sax.sagepub.com,16
wageningenacademic.metapress.com,16
www.nowpublishers.com,16
spa.sagepub.com,16
www.economics-ejournal.org,16
www.sciedu.ca,16
hrcak.srce.hr,16
www.sgem.org,16
jmedicalcasereports.com,16
www.ijcasereportsandimages.com,16
www.iovs.org,15
thomasland.metapress.com,15
jch.sagepub.com,15
envhis.oxfordjournals.org,15
eaq.sagepub.com,15
apr.sagepub.com,15
nas.sagepub.com,15
smr.sagepub.com,15
ijrl.oxfordjournals.org,15
mcq.sagepub.com,15
cmr.asm.org,15
www.jneuroengrehab.com,15
vcu.sagepub.com,15
www.jbiomedsci.com,15
spq.sagepub.com,15
gac.sagepub.com,15
soq.sagepub.com,15
www.msmonographs.org,15
contextes.revues.org,15
www.cultureunbound.ep.liu.se,15
www.jpathinformatics.org,15
oto.sagepub.com,14
psycontent.metapress.com,14
jhc.sagepub.com,14
jcn.sagepub.com,14
www.ann-geophys.net,14
ajh.sagepub.com,14
jis.sagepub.com,14
anj.sagepub.com,14
fampra.oxfordjournals.org,14
gom.sagepub.com,14
mie.sagepub.com,14
jpo.sagepub.com,14
erc.endocrinology-journals.org,14
jah.sagepub.com,14
yas.sagepub.com,14
www.hqlo.com,14
hea.sagepub.com,14
www.jneuroinflammation.com,14
www.cjhp-online.ca,14
pch.sagepub.com,14
www.postgradmed.org,14
pt.wkhealth.com,14
ajae.oxfordjournals.org,13
ml.oxfordjournals.org,13
cardiovascres.oxfordjournals.org,13
rspl.royalsocietypublishing.org,13
annhyg.oxfordjournals.org,13
ajprenal.physiology.org,13
injuryprevention.bmj.com,13
uar.sagepub.com,13
lup.sagepub.com,13
jbx.sagepub.com,13
pcp.oxfordjournals.org,13
chemse.oxfordjournals.org,13
www.neurologyindia.com,13
ips.sagepub.com,13
www.airccse.org,13
jm.lyellcollection.org,13
chp.sagepub.com,13
complit.dukejournals.org,13
treephys.oxfordjournals.org,13
ssjj.oxfordjournals.org,13
www.behavioralandbrainfunctions.com,13
www.sjtrem.com,13
cmp.sagepub.com,13
www.equityhealthj.com,13
www.noiseandhealth.org,13
www.macrothink.org,13
www.ehu.es,13
epm.sagepub.com,12
multi-science.metapress.com,12
www.schattauer.de,12
ras.sagepub.com,12
precedings.nature.com,12
inpractice.bmj.com,12
sjp.sagepub.com,12
lap.sagepub.com,12
nvs.sagepub.com,12
intimm.oxfordjournals.org,12
wox.sagepub.com,12
physiolgenomics.physiology.org,12
scx.sagepub.com,12
hpp.sagepub.com,12
www.pensoft.net,12
cap.sagepub.com,12
www.diagnosticpathology.org,12
applij.oxfordjournals.org,12
hrlr.oxfordjournals.org,12
ccs.sagepub.com,12
yvj.sagepub.com,12
www.psycontent.com,12
www.archbronconeumol.org,12
www.conflictandhealth.com,12
med-ed-online.net,12
www.solid-earth.net,12
podcasts.aaas.org,12
www.ipol.im,12
vir.sgmjournals.org,11
icb.oxfordjournals.org,11
www.kps.or.kr,11
mdm.sagepub.com,11
wmr.sagepub.com,11
eab.sagepub.com,11
bjr.sagepub.com,11
neuro.psychiatryonline.org,11
jag.sagepub.com,11
jbd.sagepub.com,11
eau.sagepub.com,11
jis.oxfordjournals.org,11
cancerpreventionresearch.aacrjournals.org,11
clio.revues.org,11
jbp.sagepub.com,11
www.us.elsevierhealth.com,11
analysis.oxfordjournals.org,11
bji.sagepub.com,11
joeg.oxfordjournals.org,11
pa.oxfordjournals.org,11
ant.sagepub.com,11
learnmem.cshlp.org,11
ser.oxfordjournals.org,11
rgi.revues.org,11
rga.revues.org,11
emr.sagepub.com,11
www.jcheminf.com,11
www.peh-med.com,11
www.reciis.icict.fiocruz.br,11
www.math.ualberta.ca,11
www.earth-syst-dynam-discuss.net,11
jiem.org,11
doi.wiley.com,10
www.informaworld.com,10
mind.oxfordjournals.org,10
ang.sagepub.com,10
apa.sagepub.com,10
eltj.oxfordjournals.org,10
gh.oxfordjournals.org,10
asj.sagepub.com,10
ssc.sagepub.com,10
jiv.sagepub.com,10
arp.sagepub.com,10
irs.sagepub.com,10
bmo.sagepub.com,10
vaw.sagepub.com,10
www.annals-general-psychiatry.com,10
bir.sagepub.com,10
pfr.sagepub.com,10
www.portico.org,10
jmm.sagepub.com,10
pun.sagepub.com,10
screen.oxfordjournals.org,10
ics.sagepub.com,10
opp.sagepub.com,10
cshperspectives.cshlp.org,10
cesifo.oxfordjournals.org,10
euc.sagepub.com,10
www.particleandfibretoxicology.com,10
revistas.ufg.br,10
soe.sagepub.com,10
www.dmsjournal.com,10
esj.sagepub.com,10
aph.sagepub.com,10
www.ntvt.nl,10
psi.sagepub.com,10
adaptation.oxfordjournals.org,10
articulo.revues.org,10
www.revcolanest.com.co,10
www.iaee.org,10
revcolanest.com.co,10
www.scientific.net,9
www.akademiai.com,9
prb.sagepub.com,9
www.jlr.org,9
dmd.aspetjournals.org,9
www.sljol.info,9
jcmr-online.com,9
jbs.sagepub.com,9
jnt.sagepub.com,9
spi.sagepub.com,9
pas.sagepub.com,9
bse.sagepub.com,9
pom.sagepub.com,9
er.uwpress.org,9
philmat.oxfordjournals.org,9
spectrum.diabetesjournals.org,9
bod.sagepub.com,9
www.globalstf.org,9
ltr.sagepub.com,9
www.europhysicsnews.org,9
www.revistas.ufg.br,9
epe.sagepub.com,9
aace.metapress.com,9
psychsocgerontology.oxfordjournals.org,9
eup.sagepub.com,9
www.jcmr-online.com,9
tre.sagepub.com,9
ijcaonline.org,9
rof.oxfordjournals.org,9
jmbe.asm.org,9
cjres.oxfordjournals.org,9
comonca.org.cn,9
cww.oxfordjournals.org,9
www.ndrs.org.uk,9
www.ijem.in,9
www.aestheticsandculture.net,9
www.amb-express.com,9
www.microbelibrary.org,9
content.wkhealth.com,8
link.aps.org,8
ehr.oxfordjournals.org,8
jdr.sagepub.com,8
carlyleletters.dukejournals.org,8
vet.sagepub.com,8
mil.sagepub.com,8
csx.sagepub.com,8
pedsinreview.aappublications.org,8
cjr.sagepub.com,8
gaz.sagepub.com,8
isle.oxfordjournals.org,8
www.ijcaonline.org,8
lis.sagepub.com,8
juh.sagepub.com,8
jpe.sagepub.com,8
mutage.oxfordjournals.org,8
ijs.sagepub.com,8
ajm.sagepub.com,8
ibe.sagepub.com,8
fst.sagepub.com,8
www.rehab.research.va.gov,8
mcr.aacrjournals.org,8
ppq.sagepub.com,8
sls.sagepub.com,8
litthe.oxfordjournals.org,8
www.joionline.org,8
fbr.sagepub.com,8
dnaresearch.oxfordjournals.org,8
llc.oxfordjournals.org,8
mingaonline.uach.cl,8
jmp.oxfordjournals.org,8
jfn.sagepub.com,8
tcbh.oxfordjournals.org,8
ict.sagepub.com,8
ecs.sagepub.com,8
yel.oxfordjournals.org,8
jse.sagepub.com,8
www.aaccnet.org,8
physiologyonline.physiology.org,8
www.ped-rheum.com,8
jia.sagepub.com,8
www.intmedpress.com,8
www.ocean-sci.net,8
lch.sagepub.com,8
jmh.sagepub.com,8
www.ijponline.net,8
www.jocmr.org,8
www.pophealthmetrics.com,8
www.internationalshoulderjournal.org,8
amrx.oxfordjournals.org,8
utmj.org,8
www.ijqhw.net,8
epub.oeaw.ac.at,8
content.nejm.org,8
rehab.research.va.gov,8
www.earth-syst-dynam.net,8
www.reproduction-online.org,7
trj.sagepub.com,7
acn.oxfordjournals.org,7
www.joponline.org,7
bst.sagepub.com,7
www.biochemsoctrans.org,7
jir.sagepub.com,7
www.medecinesciences.org,7
aeq.sagepub.com,7
ajplung.physiology.org,7
jpepsy.oxfordjournals.org,7
lec.sagepub.com,7
intqhc.oxfordjournals.org,7
cgj.sagepub.com,7
comjnl.oxfordjournals.org,7
scv.sagepub.com,7
ejil.oxfordjournals.org,7
www.scoliosisjournal.com,7
humupd.oxfordjournals.org,7
assr.revues.org,7
pia-journal.co.uk,7
ejd.sagepub.com,7
ahh.sagepub.com,7
pharmrev.aspetjournals.org,7
www.down-syndrome.org,7
hrd.sagepub.com,7
jhh.sagepub.com,7
irap.oxfordjournals.org,7
www.omjournal.org,7
confins.revues.org,7
www.balisage.net,7
www.mbaa.com,7
www.reproductive-health-journal.com,7
www.pssjournal.com,7
jhrp.oxfordjournals.org,7
www.gutpathogens.com,7
www.libyanjournalofmedicine.net,7
cerri.revues.org,7
www.evodevojournal.com,7
www.bsd-journal.com,7
sp.lyellcollection.org,6
blms.oxfordjournals.org,6
ufn.ru,6
ves.sagepub.com,6
periodicos.uem.br,6
bookshop.iseas.edu.sg,6
www.gsejournal.org,6
www.jleukbio.org,6
wjn.sagepub.com,6
jcc.sagepub.com,6
hwj.oxfordjournals.org,6
cnc.sagepub.com,6
ammin.geoscienceworld.org,6
eudl.eu,6
sce.sagepub.com,6
jei.sagepub.com,6
edq.sagepub.com,6
ccj.sagepub.com,6
ejw.sagepub.com,6
ctr.sagepub.com,6
www.emis.de,6
glq.dukejournals.org,6
wcx.sagepub.com,6
jca.sagepub.com,6
gtd.sagepub.com,6
jsw.sagepub.com,6
slr.sagepub.com,6
www.glowm.com,6
tvn.sagepub.com,6
ywcct.oxfordjournals.org,6
revueagone.revues.org,6
gmc.sagepub.com,6
mcu.sagepub.com,6
arj.sagepub.com,6
tva.sagepub.com,6
www.aidsrestherapy.com,6
jph.sagepub.com,6
revintsociologia.revistas.csic.es,6
www.vgtu.lt,6
www.jhse.ua.es,6
fcx.sagepub.com,6
www.scfbm.org,6
www.jcronline.org,6
www.foodandnutritionresearch.net,6
www.nonlinearbiomedphys.com,6
presentpasts.info,6
www.agdevjournal.com,6
www.solid-earth-discuss.net,6
www.journaloforalmicrobiology.net,6
www.jfcmonline.com,6
diabeticfootandankle.net,6
portal.chapingo.mx,6
www.journalofoptometry.org,6
mej.sagepub.com,5
search.ieice.org,5
ldx.sagepub.com,5
restud.oxfordjournals.org,5
isw.sagepub.com,5
www.wwwords.co.uk,5
bcq.sagepub.com,5
hw.oeaw.ac.at,5
www.cpcjournal.org,5
sag.sagepub.com,5
www.retrovirology.com,5
tpj.sagepub.com,5
mlq.sagepub.com,5
ijo.sagepub.com,5
sgr.sagepub.com,5
cps.sagepub.com,5
prf.sagepub.com,5
crw.sagepub.com,5
erx.sagepub.com,5
ejo.oxfordjournals.org,5
hpy.sagepub.com,5
roa.sagepub.com,5
con.sagepub.com,5
jbt.sagepub.com,5
www.actavetscand.com,5
eep.sagepub.com,5
aei.sagepub.com,5
jpl.sagepub.com,5
pedagogy.dukejournals.org,5
jsi.sagepub.com,5
poi.sagepub.com,5
www.lipidworld.com,5
est.sagepub.com,5
rcb.sagepub.com,5
poq.oxfordjournals.org,5
sac.sagepub.com,5
www.thepcrj.org,5
mmbr.asm.org,5
qsw.sagepub.com,5
www.sisef.it,5
www.expertopin.com,5
las.sagepub.com,5
www.jaypeejournals.com,5
molehr.oxfordjournals.org,5
ecl.sagepub.com,5
www.head-face-med.com,5
www.jcd.org.in,5
www.wjes.org,5
jeclap.oxfordjournals.org,5
journal.chemistrycentral.com,5
essays.biochemistry.org,5
rsa.revues.org,5
epirev.oxfordjournals.org,5
asterion.revues.org,5
www.ajevonline.org,5
www.fibrogenesis.com,5
www.biodatamining.org,5
www.arthroscopyjournal.org,5
www.rrjournal.org,5
www.jclinbioinformatics.com,5
www.tropicalparasitology.org,5
theoremes.revues.org,5
anthropologiesante.revues.org,5
www.springerlink.com,4
www.agu.org,4
www.onepetro.org,4
ext.sagepub.com,4
mcb.asm.org,4
library.oxfordjournals.org,4
tjx.sagepub.com,4
jmm.sgmjournals.org,4
forestry.oxfordjournals.org,4
ppg.sagepub.com,4
retro.seals.ch,4
heb.sagepub.com,4
hhc.sagepub.com,4
jhp.sagepub.com,4
www.ccjm.org,4
jfprhc.bmj.com,4
isb.sagepub.com,4
ojs.academypublisher.com,4
cin.sagepub.com,4
www.jcimjournal.com,4
ejc.sagepub.com,4
jpa.sagepub.com,4
rsw.sagepub.com,4
www.aaiddjournals.org,4
fap.sagepub.com,4
revistademetalurgia.revistas.csic.es,4
cssaame.dukejournals.org,4
oae.sagepub.com,4
jmk.sagepub.com,4
www.nonlin-processes-geophys.net,4
aepp.oxfordjournals.org,4
jmd.sagepub.com,4
ccr.sagepub.com,4
rop.sagepub.com,4
jrs.oxfordjournals.org,4
www.funpecrp.com.br,4
cpt.sagepub.com,4
mcx.sagepub.com,4
www.indianjpsychiatry.org,4
tso.sagepub.com,4
jtp.sagepub.com,4
www.ejbiotechnology.info,4
www.jpgmonline.com,4
www.biomedical-engineering-online.com,4
ach.sagepub.com,4
jid.sagepub.com,4
socialtext.dukejournals.org,4
gsp.sagepub.com,4
aoj.uwpress.org,4
cjs.sagepub.com,4
etn.sagepub.com,4
dvr.sagepub.com,4
www.cancerci.com,4
joc.sagepub.com,4
traces.revues.org,4
www.necplus.eu,4
fsb.oxfordjournals.org,4
annuaire-cdf.revues.org,4
bmb.oxfordjournals.org,4
www.asbcnet.org,4
www.molecularneurodegeneration.com,4
e-spania.revues.org,4
www.periodicos.rc.biblioteca.unesp.br,4
amnis.revues.org,4
journal.telospress.com,4
www.bpsmedicine.com,4
www.jcimjournal.com.,4
www.biotechnologyforbiofuels.com,4
petrology.oxfordjournals.org,4
chretienssocietes.revues.org,4
www.aapb-biofeedback.com,4
www.metapress.com,4
jids.oxfordjournals.org,4
i-perception.perceptionweb.com,4
semprag.org,4
www.nano-reviews.net,4
www.journalofparasitology.org,4
nano-reviews.net,4
stacks.iop.org,3
www.journals.uchicago.edu,3
links.jstor.org,3
www.edpsciences.org,3
www.doiserbia.nb.rs,3
www.landesbioscience.com,3
www.verlag-hanshuber.com,3
revista-iberoamericana.pitt.edu,3
jte.sagepub.com,3
mq.oxfordjournals.org,3
www.clays.org,3
bjaesthetics.oxfordjournals.org,3
www.shf-lhb.org,3
tde.sagepub.com,3
cbr.sagepub.com,3
afs.sagepub.com,3
www.brain.oxfordjournals.org,3
ner.sagepub.com,3
ijt.sagepub.com,3
hahr.dukejournals.org,3
job.sagepub.com,3
ec.asm.org,3
sed.sagepub.com,3
ilj.oxfordjournals.org,3
rsq.oxfordjournals.org,3
qjegh.lyellcollection.org,3
eid.sagepub.com,3
iss.sagepub.com,3
das.sagepub.com,3
tcn.sagepub.com,3
www.radioprotection.org,3
ijm.sagepub.com,3
jls.sagepub.com,3
jpp.sagepub.com,3
org.sagepub.com,3
publicculture.dukejournals.org,3
estudiosgeol.revistas.csic.es,3
supp.apa.org,3
ppa.sagepub.com,3
foa.sagepub.com,3
ohr.oxfordjournals.org,3
jhi.sagepub.com,3
jra.sagepub.com,3
dis.sagepub.com,3
cnr.sagepub.com,3
www.pagepress.org,3
boundary2.dukejournals.org,3
www.ijdr.in,3
www.publicacoesacademicas.uniceub.br,3
jorthod.maneyjournals.org,3
brn.sagepub.com,3
www.cardiothoracicsurgery.org,3
pbi.sagepub.com,3
ress.revues.org,3
lj.uwpress.org,3
www.cardiab.com,3
www.medicinaoral.com,3
www.ocean-sci-discuss.net,3
www.ibra.org.uk,3
pqx.sagepub.com,3
www.tbiomed.com,3
jae.oxfordjournals.org,3
vcj.sagepub.com,3
www.ethnobiomed.com,3
wbro.oxfordjournals.org,3
gladius.revistas.csic.es,3
www.infectagentscancer.com,3
jcle.oxfordjournals.org,3
socrel.oxfordjournals.org,3
sefarad.revistas.csic.es,3
www.perspectives-psy.org,3
dirjournal.org,3
www.refletsdelaphysique.fr,3
www.wormbook.org,3
www.meajo.org,3
ocim.revues.org,3
www.tobaccoinduceddiseases.com,3
anm.sagepub.com,3
msx.sagepub.com,3
www.bmva.org,3
www.cafyd.com,3
www.cmjournal.org,3
www.conservationandsociety.org,3
www.turkurolojidergisi.com,3
www.phcfm.org,3
periodicos.ufpb.br,3
www.jbioleng.org,3
journal.ipb.ac.id,3
www.ethicsandglobalpolitics.net,3
www.cbmjournal.com,3
tab.sagepub.com,3
www.sajip.co.za,3
www.om-pc.com,3
www.hip-int.com,3
wwwdev.cdc.gov,3
enx.sagepub.com,3
www.ftrdergisi.com,3
www.earth-syst-sci-data.net,3
arqarqt.revistas.csic.es,3
www.koedoe.co.za,3
thailand.digitaljournals.org,3
nho.sagepub.com,3
sajip.co.za,3
taw.sagepub.com,3
www.ddialliance.org,3
raj.sagepub.com,3
www.internationaljournalofwellbeing.org,3
www.cocukdergisi.org,3
www.metodosdeinformacion.es,3
bio-complexity.org,3
www.benjamins.com,3
jmd.amjpathol.org,3
doi.apa.org,2
www.liebertonline.com,2
koreascience.or.kr,2
jaar.oxfordjournals.org,2
www.genesdev.org,2
nq.oxfordjournals.org,2
peds.oxfordjournals.org,2
ehq.sagepub.com,2
itq.sagepub.com,2
tcp.sagepub.com,2
tandt.oxfordjournals.org,2
ssi.sagepub.com,2
pygs.lyellcollection.org,2
www.iif.com.tr,2
aapgrandrounds.aappublications.org,2
www.ije.oxfordjournals.org,2
cis.sagepub.com,2
jme.endocrinology-journals.org,2
tfj.sagepub.com,2
ywes.oxfordjournals.org,2
apm.sagepub.com,2
btb.sagepub.com,2
eus.sagepub.com,2
gcq.sagepub.com,2
bssa.geoscienceworld.org,2
www.ijdvl.com,2
cat.sagepub.com,2
erae.oxfordjournals.org,2
jjco.oxfordjournals.org,2
www.zju.edu.cn,2
aas.sagepub.com,2
wih.sagepub.com,2
hjb.sagepub.com,2
rel.sagepub.com,2
jht.sagepub.com,2
www.angle.org,2
jhn.sagepub.com,2
ip.bmj.com,2
jar.sagepub.com,2
jfs.sagepub.com,2
her.oxfordjournals.org,2
jlo.sagepub.com,2
icj.sagepub.com,2
alh.oxfordjournals.org,2
eng.sagepub.com,2
www.limnology-journal.org,2
commonknowledge.dukejournals.org,2
bna.birds.cornell.edu,2
www.mycologia.org,2
mensstudies.metapress.com,2
www.ijmm.org,2
positions.dukejournals.org,2
asm.sagepub.com,2
saq.dukejournals.org,2
pdj.sagepub.com,2
www.elis.sk,2
rss.sagepub.com,2
oxrep.oxfordjournals.org,2
www.microbialcellfactories.com,2
lal.sagepub.com,2
academypublisher.com,2
rh19.revues.org,2
cdy.sagepub.com,2
fmx.sagepub.com,2
jffp.pitt.edu,2
icc.oxfordjournals.org,2
www.cancerjournal.net,2
lisa.revues.org,2
www.revistas2.uepg.br,2
jap.sagepub.com,2
jsr.sagepub.com,2
fty.sagepub.com,2
ijb.sagepub.com,2
biostatistics.oxfordjournals.org,2
wber.oxfordjournals.org,2
yjj.sagepub.com,2
www.pedagogie-medicale.org,2
geosphere.gsapubs.org,2
www.aquaticinvasions.net,2
www.jisppd.com,2
wpj.sagepub.com,2
ept.sagepub.com,2
lawfam.oxfordjournals.org,2
yec.sagepub.com,2
www.ep.liu.se,2
ba.stat.cmu.edu,2
anthro.annualreviews.org,2
differences.dukejournals.org,2
publius.oxfordjournals.org,2
eth.sagepub.com,2
norois.revues.org,2
www.pdiconnect.com,2
www.onlinejets.org,2
www.hts.org.za,2
jcs.sagepub.com,2
jel.sagepub.com,2
osp.revues.org,2
www.geology.cz,2
www.periodicos.uem.br,2
graellsia.revistas.csic.es,2
schoolcounselor.metapress.com,2
cus.sagepub.com,2
www.hottopicsin.com,2
www.iodp.org,2
ngc.dukejournals.org,2
www.anzhealthpolicy.com,2
www.capmh.com,2
narratologie.revues.org,2
www.lajar.cl,2
jmcb.oxfordjournals.org,2
www.intarchmed.com,2
ejas.revues.org,2
www.akademikaciltip.com,2
www.ijic.info,2
collectaneabotanica.revistas.csic.es,2
lib.stat.cmu.edu,2
www.adv-sci-res.net,2
www.amsi.ge,2
alsic.revues.org,2
ojs.upv.es,2
www.defenceandstrategy.eu,2
jncimono.oxfordjournals.org,2
jpc.sagepub.com,2
framespa.revues.org,2
seagrant.uaf.edu,2
www.ijph.in,2
www.jiem.org,2
iif.com.tr,2
www.atmph.org,2
sajhrm.co.za,2
socpvs.org,2
heartasia.bmj.com,2
www.idoj.in,2
www.rmmj.org.il,2
www.njms.in,2
www.jbiomedsem.com,2
www.rbmfc.org.br,2
lithosphere.geoscienceworld.org,2
www.chapingo.mx,2
memoirs.gsapubs.org,2
www.jnsbm.org,2
www.sajhrm.co.za,2
www.sajim.co.za,2
www.heartviews.org,2
jaf.sagepub.com,2
www.ojvr.org,2
doi.crossref.org,2
dspace.lib.cranfield.ac.uk,2
www.paleoanthro.org,2
amj.net.au,2
www.iucn-tftsg.org,2
hts.org.za,2
www.1000.com,2
content.apa.org,1
jama.ama-assn.org,1
www.ajph.org,1
jcem.endojournals.org,1
archinte.ama-assn.org,1
baywood.metapress.com,1
fs.oxfordjournals.org,1
www.minersoc.org,1
econgeol.geoscienceworld.org,1
www.bepress.com,1
jtr.sagepub.com,1
cccc.uochb.cas.cz,1
biomet.oxfordjournals.org,1
journals.impan.pl,1
www.jco.org,1
plms.oxfordjournals.org,1
cqx.sagepub.com,1
mlq.dukejournals.org,1
jgs.lyellcollection.org,1
jdm.sagepub.com,1
rac.sagepub.com,1
isc.sagepub.com,1
qjmath.oxfordjournals.org,1
rpd.oxfordjournals.org,1
jcm.sagepub.com,1
hope.dukejournals.org,1
www.genome.org,1
www.bentham-open.org,1
gaq.sagepub.com,1
jrm.sagepub.com,1
www.brain.oupjournals.org,1
ons.metapress.com,1
scp.sagepub.com,1
chr.sagepub.com,1
cerealchemistry.aaccnet.org,1
www.medwelljournals.com,1
aje.sagepub.com,1
ier.sagepub.com,1
jot.sagepub.com,1
lrt.sagepub.com,1
rhr.dukejournals.org,1
rse.sagepub.com,1
jcl.sagepub.com,1
nsq.sagepub.com,1
www.ageing.oxfordjournals.org,1
the.sagepub.com,1
arjournals.annualreviews.org,1
idv.sagepub.com,1
scientiamarina.revistas.csic.es,1
etrij.etri.re.kr,1
tes.sagepub.com,1
www.scienceasia.org,1
www.dl.begellhouse.com,1
jmi.sagepub.com,1
www.bssaonline.org,1
theater.dukejournals.org,1
psc.sagepub.com,1
ccp.sagepub.com,1
jbr.sagepub.com,1
arbor.revistas.csic.es,1
www.jped.com.br,1
www.mlajournals.org,1
camqtly.oxfordjournals.org,1
elprofesionaldelainformacion.metapress.com,1
www.academypublisher.com,1
ethnohistory.dukejournals.org,1
epx.sagepub.com,1
jeb.sagepub.com,1
ini.sagepub.com,1
tropej.oxfordjournals.org,1
jsn.sagepub.com,1
neoreviews.aappublications.org,1
teamat.oxfordjournals.org,1
www.journal-therapie.org,1
philreview.dukejournals.org,1
cdq.sagepub.com,1
www.ijp-online.com,1
jgp.sagepub.com,1
americanspeech.dukejournals.org,1
informesdelaconstruccion.revistas.csic.es,1
smm.sagepub.com,1
jbc.sagepub.com,1
www.esaim-cocv.org,1
jed.sagepub.com,1
www.e-ijd.org,1
chd.sagepub.com,1
cmx.sagepub.com,1
frc.sagepub.com,1
cem.revues.org,1
dps.sagepub.com,1
doi.editoracubo.com.br,1
ijl.oxfordjournals.org,1
www.mic-journal.no,1
www.beilstein-journals.org,1
ppn.sagepub.com,1
materconstrucc.revistas.csic.es,1
www.jeccr.com,1
jcx.sagepub.com,1
you.sagepub.com,1
hip.sagepub.com,1
home.izum.si,1
medlaw.oxfordjournals.org,1
csc.sagepub.com,1
sts.sagepub.com,1
www.molecularpain.com,1
www.current-oncology.com,1
jmicro.oxfordjournals.org,1
eurheartjsupp.oxfordjournals.org,1
www.aicit.org,1
www.annalsofian.org,1
www.bgbm.org,1
www.periodicos.ufsc.br,1
mots.revues.org,1
rde.revues.org,1
jos.oxfordjournals.org,1
www.nanoscalereslett.com,1
radiology.casereports.net,1
isi.revuesonline.com,1
jsp.sagepub.com,1
circinterventions.ahajournals.org,1
www.ijccm.org,1
tra.sagepub.com,1
ror.reproduction-online.org,1
www.josr-online.com,1
chi.sagepub.com,1
civilisations.revues.org,1
www.lungindia.com,1
www.rpsonline.com.sg,1
chs.revues.org,1
www.esomat.org,1
www.thoracicmedicine.org,1
erea.revues.org,1
jds.sagepub.com,1
jleo.oxfordjournals.org,1
sp.oxfordjournals.org,1
jtd.sagepub.com,1
www.iseis.org,1
anneemaghreb.revues.org,1
www.sbpbrasil.org,1
www.hccpjournal.com,1
www.ijaweb.org,1
www.anakarder.com,1
ijlct.oxfordjournals.org,1
rpsonline.com.sg,1
www.journalofrefractivesurgery.com,1
palynology.geoscienceworld.org,1
can.sagepub.com,1
jsa.sagepub.com,1
upd.sagepub.com,1
jfec.oxfordjournals.org,1
mss.sagepub.com,1
www.cpementalhealth.com,1
ijlit.oxfordjournals.org,1
tech.snmjournals.org,1
www.bioscience.heacademy.ac.uk,1
www.almob.org,1
jpe.oxfordjournals.org,1
www.geochemicaltransactions.com,1
services.bepress.com,1
mmr.sagepub.com,1
www.actaphys.uj.edu.pl,1
ccec.revues.org,1
www.jgeosci.org,1
www.jrheum.com,1
www.phcog.com,1
www.immunityageing.com,1
tan.sagepub.com,1
www.journal-imab-bg.org,1
www.ete-online.com,1
gss.revues.org,1
reep.oxfordjournals.org,1
www.psycneuro.org,1
www.lipidmaps.org,1
www.ve.org.za,1
biohorizons.oxfordjournals.org,1
transtexts.revues.org,1
cjip.oxfordjournals.org,1
jwelb.oxfordjournals.org,1
anakarder.com,1
italique.revues.org,1
jhs.oxfordjournals.org,1
www.vascular-access.info,1
www.ayujournal.org,1
www.urologyannals.com,1
ced.sagepub.com,1
www.nida.nih.gov,1
www.oftalmoloji.org,1
www.journalmc.org,1
jped.com.br,1
proxy.furb.br,1
www.dynamic-med.com,1
onznews.wdcb.ru,1
amerika.revues.org,1
www.stembook.org,1
ihr.sagepub.com,1
www.pathexo.fr,1
physio-geo.revues.org,1
www.rbhh.org,1
etudes-benthamiennes.revues.org,1
www.toxicologyinternational.com,1
eme.sagepub.com,1
medwelljournals.com,1
rursus.revues.org,1
www.politeknik.gazi.edu.tr,1
spontaneousgenerations.library.utoronto.ca,1
taj.sagepub.com,1
www.apfmj.com,1
www.earth-syst-sci-data-discuss.net,1
www.mobilednajournal.com,1
www.phcogrev.com,1
www.revistas.uepg.br,1
www.journalofsing.org,1
bio.sagepub.com,1
poldev.revues.org,1
arheologija.ff.uni-lj.si,1
www.ijme.net,1
www.tjtes.org,1
crj.oxfordjournals.org,1
www.journals.elsevierhealth.com,1
afriques.revues.org,1
cor.sagepub.com,1
cognitextes.revues.org,1
www.ijdb.ehu.es,1
primatologie.revues.org,1
www.marmaramedicaljournal.org,1
www.ijnpnd.com,1
www.cardiologyres.org,1
www.hist-geo-space-sci.net,1
www.jtlu.org,1
www.ysjournal.com,1
stigmaj.org,1
www.rela.ep.liu.se,1
oftalmoloji.org,1
www.aquaticmammalsjournal.org,1
www.atypon.com,1
link.aip.org,0
joi.jlc.jst.go.jp,0
portal.acm.org,0
www.reference-global.com,0
www.kluweronline.com,0
journals.kluweronline.com,0
gateway.ovid.com,0
www.blackwell-synergy.com,0
www.worldscinet.com,0
www.ingentaselect.com,0
taylorandfrancis.metapress.com,0
www.nrc.ca,0
journalsonline.tandf.co.uk,0
doi.aiaa.org,0
article.pubs.nrc-cnrc.gc.ca,0
eproceedings.worldscinet.com,0
jjap.ipap.jp,0
www.chestjournal.org,0
jpsj.ipap.jp,0
www.scialert.net,0
www.informapharmascience.com,0
mesharpe.metapress.com,0
www.atypon-link.com,0
archive.pepublishing.com,0
bjr.birjournals.org,0
doi.aapg.org,0
caliber.ucpress.net,0
ptp.ipap.jp,0
springerlink.metapress.com,0
archderm.ama-assn.org,0
actachemscand.org,0
pub.chinasciencejournal.com,0
www.catchword.com,0
www.oldenbourg-link.com,0
ucp.uchicago.edu,0
bul.sagepub.com,0
www.heterocycles.jp,0
www.ifac-papersonline.net,0
jts.oxfordjournals.org,0
haworthpress.com,0
journals.pepublishing.com,0
fs.oupjournals.org,0
link.springer.de,0
asp.ammonsscientific.com,0
www.expert-reviews.com,0
res.oxfordjournals.org,0
versita.metapress.com,0
www.extenza-eps.com,0
www.cms.math.ca,0
www.begellhouse.com,0
www.nar.oupjournals.org,0
www.opticsjournal.net,0
jlms.oxfordjournals.org,0
www.jgp.org,0
www.ajsonline.org,0
www.nar.oxfordjournals.org,0
mansci.journal.informs.org,0
www.mosby.com,0
www.cjmenet.com,0
www.ndt.oupjournals.org,0
www.ctresources.info,0
www.cshprotocols.org,0
www.ehponline.org,0
radiology.rsnajnls.org,0
www.scitepress.org,0
or.journal.informs.org,0
www.jphysiol.org,0
library.witpress.com,0
pubs.amstat.org,0
entc.allenpress.com,0
services.igi-global.com,0
journal.ajsm.org,0
archneur.ama-assn.org,0
www.thescipub.com,0
article.psychiatrist.com,0
mend.endojournals.org,0
www.ndt.oxfordjournals.org,0
datacorp.petris.com,0
www.humrep.oupjournals.org,0
sim.sagepub.com,0
jgslegacy.lyellcollection.org,0
iclq.oxfordjournals.org,0
www.aimsciences.org,0
archsurg.ama-assn.org,0
journals.prous.com,0
comjnl.oupjournals.org,0
www.emboj.org,0
www.pubmedcentral.gov,0
journals.allenpress.com,0
ehr.oupjournals.org,0
www.bioinformatics.oxfordjournals.org,0
www.equinoxjournals.com,0
db.doyma.es,0
eurjhf.oxfordjournals.org,0
www.iumj.indiana.edu,0
ajrccm.atsjournals.org,0
www1.mosby.com,0
www.mayoclinicproceedings.com,0
inscribe.iupress.org,0
ejechocard.oxfordjournals.org,0
www.jasn.org,0
archopht.ama-assn.org,0
caonline.amcancersoc.org,0
www.jac.oupjournals.org,0
svd.sagepub.com,0
www.theannals.com,0
jes.sagepub.com,0
www.cellbiolint.org,0
jss.oxfordjournals.org,0
bjo.bmjjournals.com,0
www.rheumatology.oupjournals.org,0
www.humrep.oxfordjournals.org,0
www.scichina.com,0
www.jpier.org,0
www.jac.oxfordjournals.org,0
ijsa.rsmjournals.com,0
www.spie.org,0
interfaces.journal.informs.org,0
www.hmg.oupjournals.org,0
cigjournals.metapress.com,0
tpx.sagepub.com,0
www.rheumatology.oxfordjournals.org,0
www.phycologia.org,0
la.rsmjournals.com,0
journals.bcdecker.com,0
cdli.asm.org,0
www.hmg.oxfordjournals.org,0
www.ejbjs.org,0
www.tidsskriftet.no,0
pharmacotherapyjournal.org,0
www.bioinformatics.oupjournals.org,0
archotol.ama-assn.org,0
icvts.ctsnetjournals.org,0
www.leaonline.com,0
www.carcin.oupjournals.org,0
archpedi.ama-assn.org,0
www.thescientificworld.co.uk,0
nsca.allenpress.com,0
aob.oupjournals.org,0
tps.sagepub.com,0
jas.sagepub.com,0
oq.oxfordjournals.org,0
archpsyc.ama-assn.org,0
pjm.math.berkeley.edu,0
ar.rsmjournals.com,0
isq.sagepub.com,0
jts.oupjournals.org,0
jas.fass.org,0
www.bja.oxfordjournals.org,0
eic.oxfordjournals.org,0
link.springer-ny.com,0
www.ije.oupjournals.org,0
www.atlantis-press.com,0
bellwether.metapress.com,0
www.postgradmed.com,0
biology.plosjournals.org,0
rrp.sagepub.com,0
ml.oupjournals.org,0
www.opticsexpress.org,0
cos.sagepub.com,0
imrn.oxfordjournals.org,0
www.bja.oupjournals.org,0
heldref.metapress.com,0
www.epjap.org,0
www.agronomy-journal.org,0
www.idealibrary.com,0
europace.oxfordjournals.org,0
jrp.sagepub.com,0
qjmam.oxfordjournals.org,0
fmls.oupjournals.org,0
www.physica.org,0
www.wissenschaft-online.de,0
dio.sagepub.com,0
www.adfl.org,0
www.toxsci.oxfordjournals.org,0
jim.sagepub.com,0
leobaeck.oxfordjournals.org,0
jtt.rsmjournals.com,0
www.gse-journal.org,0
pnz.sagepub.com,0
www.carcin.oxfordjournals.org,0
jevtonline.org,0
www.toxsci.oupjournals.org,0
ptx.sagepub.com,0
fmls.oxfordjournals.org,0
mor.journal.informs.org,0
imamat.oxfordjournals.org,0
aje.oupjournals.org,0
www.actapress.com,0
www.jclinpharm.org,0
www.jbjs.org.uk,0
cel.sagepub.com,0
www.cercor.oxfordjournals.org,0
www.afs-journal.org,0
ogst.ifp.fr,0
www.casesjournal.com,0
pos.sagepub.com,0
ajrcmb.atsjournals.org,0
www.kmae-journal.org,0
www.pubmedcentral.nih.gov,0
jrsm.rsmjournals.com,0
ijas.pagepress.org,0
annonc.oupjournals.org,0
www.physsportsmed.com,0
apj.sagepub.com,0
jam.sagepub.com,0
www.intimm.oupjournals.org,0
transci.journal.informs.org,0
aes.sagepub.com,0
iehmtu.edata-center.com,0
www.msp.warwick.ac.uk,0
www.biolcell.org,0
www.australianmuseum.net.au,0
www.apidologie.org,0
www.labanimal.com,0
trs.sagepub.com,0
acb.rsmjournals.com,0
publications.epress.monash.edu,0
www.ree.see.asso.fr,0
jvi.sagepub.com,0
www.neucas.oupjournals.org,0
odf.edpsciences.org,0
www.fampra.oupjournals.org,0
subscribers.npprj.se,0
www.gerontechnology.info,0
actavet.vfu.cz,0
www.ajcn.org,0
bms.sagepub.com,0
www.pharmadeals.net,0
radiographics.rsnajnls.org,0
www.benthamdirect.org,0
www.slackinc.com,0
archfaci.ama-assn.org,0
www.rnajournal.org,0
www.psychosomaticmedicine.org,0
ps.fass.org,0
www.jnci.oupjournals.org,0
sir.sagepub.com,0
jb.oxfordjournals.org,0
www.molehr.oupjournals.org,0
jme.bmjjournals.com,0
sjg.lyellcollection.org,0
www.erdkunde.uni-bonn.de,0
www.assbt-jsbr.org,0
combul.oupjournals.org,0
www.ageing.oupjournals.org,0
edrv.endojournals.org,0
thebulletin.metapress.com,0
orgsci.journal.informs.org,0
www.rilem.net,0
archfami.ama-assn.org,0
jslhr.asha.org,0
nq.oupjournals.org,0
japha.metapress.com,0
mktsci.journal.informs.org,0
jvc.sagepub.com,0
psy.psychiatryonline.org,0
canmin.geoscienceworld.org,0
americanliterature.dukejournals.org,0
jfr.geoscienceworld.org,0
www.qjmed.oupjournals.org,0
www.sciencefromisrael.com,0
www.aami-bit.org,0
www.omicsonline.org,0
hgs.oxfordjournals.org,0
www.sage-hindawi.com,0
www.eupjournals.com,0
nass.oxfordjournals.org,0
eltj.oupjournals.org,0
www.qjmed.oxfordjournals.org,0
www.deswater.com,0
jjco.oupjournals.org,0
tec.sagepub.com,0
sageke.sciencemag.org,0
tap.sagepub.com,0
eurpub.oupjournals.org,0
cla.sagepub.com,0
ajcp.metapress.com,0
ghj.sagepub.com,0
pvs.sagepub.com,0
piers.mit.edu,0
www.peanutscience.com,0
grasasyaceites.revistas.csic.es,0
www.beheco.oxfordjournals.org,0
joc.journal.informs.org,0
www.glycob.oxfordjournals.org,0
www.cercor.oupjournals.org,0
ehp.sagepub.com,0
www.printernet.info,0
www.glycob.oupjournals.org,0
ap.psychiatryonline.org,0
rsx.sagepub.com,0
apex.ipap.jp,0
www.philjol.info,0
cs.portlandpress.com,0
rsq.oupjournals.org,0
uksg.metapress.com,0
tropej.oupjournals.org,0
iafss.haifire.com,0
pcp.oupjournals.org,0
jsedres.sepmonline.org,0
www.fpjournal.org.br,0
www.datatrace.com,0
tim.sagepub.com,0
www.jrsm.org,0
www.intjdevbiol.com,0
journals.prufrock.com,0
pierprofessional.metapress.com,0
www.ijpsonline.com,0
litimag.oxfordjournals.org,0
cardenjennings.metapress.com,0
ep.physoc.org,0
abbs.oxfordjournals.org,0
www.learnmem.org,0
cr.rsmjournals.com,0
www.plankt.oupjournals.org,0
imanum.oxfordjournals.org,0
cr.oupjournals.org,0
www.jhc.org,0
jit.sagepub.com,0
jfh.sagepub.com,0
www.cjcmm.com.cn,0
fla.sagepub.com,0
mind.oupjournals.org,0
www.orthosupersite.com,0
logcom.oxfordjournals.org,0
www.dekker.com,0
www.intimm.oxfordjournals.org,0
www.petrology.oupjournals.org,0
jen.sagepub.com,0
www.rsp.hr,0
ejo.oupjournals.org,0
www.beheco.oupjournals.org,0
coa.sagepub.com,0
www.ijpmonline.org,0
www.ijmr.de,0
www.paralia.fr,0
www.plankt.oxfordjournals.org,0
www.jae-online.org,0
pats.atsjournals.org,0
www.fampra.oxfordjournals.org,0
www.jpepsy.oxfordjournals.org,0
glycob.oxfordjournals.org,0
ndtplus.oxfordjournals.org,0
www.epj-conferences.org,0
biomet.oupjournals.org,0
jep.sagepub.com,0
td.rsmjournals.com,0
jic.sagepub.com,0
jhered.oupjournals.org,0
jamia.bmj.com,0
palaios.sepmonline.org,0
search.datapages.com,0
egsp.lyellcollection.org,0
ajot.aotapress.net,0
hpc.sagepub.com,0
www.alcalc.oupjournals.org,0
www.ijri.org,0
www.alcalc.oxfordjournals.org,0
www.chemse.oupjournals.org,0
esp.sagepub.com,0
techpub.metapress.com,0
dmfr.birjournals.org,0
bjsw.oupjournals.org,0
ria.metapress.com,0
www.sciwipub.com,0
es.oxfordjournals.org,0
fth.sagepub.com,0
www.cshl-symposium.org,0
mollus.oxfordjournals.org,0
www.jamia.org,0
jhsrp.rsmjournals.com,0
www.chemse.oxfordjournals.org,0
www.esaim-m2an.org,0
itnow.oxfordjournals.org,0
rcgp-innovait.oxfordjournals.org,0
www.hthpweb.com,0
mbe.oupjournals.org,0
www.water-quality-journal.org,0
em.oupjournals.org,0
labor.dukejournals.org,0
mp.bmj.com,0
applij.oupjournals.org,0
www.signaling-gateway.org,0
www.cpjournal.ca,0
journals.naspa.org,0
www.indianjurol.com,0
jci.sagepub.com,0
mcfarland.metapress.com,0
llc.oupjournals.org,0
adv.medicaljournals.se,0
oq.oupjournals.org,0
www.annphys.org,0
www.larsg-revue.com,0
www.clinmedres.org,0
dvd.sagepub.com,0
www.andrologyjournal.org,0
www.pedpath.org,0
www.asheducationbook.org,0
www.adv-geosci.net,0
humupd.oupjournals.org,0
rfs.oupjournals.org,0
ebm.rsmjournals.com,0
isr.journal.informs.org,0
www.alr-journal.org,0
mi.rsmjournals.com,0
ajgp.psychiatryonline.org,0
aum.sagepub.com,0
mj.oxfordjournals.org,0
www.molehr.oxfordjournals.org,0
bst.portlandpress.com,0
californiaagriculture.ucanr.org,0
jjap.jsap.jp,0
neuro-oncology.dukejournals.org,0
urbani-izziv.uirs.si,0
mem.lyellcollection.org,0
occmed.oupjournals.org,0
physiol.annualreviews.org,0
labmedicine.metapress.com,0
eur.sagepub.com,0
jrm.medicaljournals.se,0
www.her.oxfordjournals.org,0
evi.sagepub.com,0
cde.sagepub.com,0
sar.sagepub.com,0
www.journalofforensiceconomics.com,0
jpgcorp.petris.com,0
rpd.oupjournals.org,0
ijg.sagepub.com,0
imamci.oxfordjournals.org,0
elements.geoscienceworld.org,0
www.jdsde.oxfordjournals.org,0
fb.eage.org,0
www.jexbot.oupjournals.org,0
ascp.metapress.com,0
secure.awma.org,0
www.her.oupjournals.org,0
www.petrology.oxfordjournals.org,0
bsgf.geoscienceworld.org,0
slr.oxfordjournals.org,0
www.aemj.org,0
www.giub.uni-bonn.de,0
www.mutage.oupjournals.org,0
annhyg.oupjournals.org,0
doi.wileynpt.com,0
phr.oupjournals.org,0
mms.sagepub.com,0
rimg.geoscienceworld.org,0
annals.math.princeton.edu,0
www.scipharm.at,0
jtc.sagepub.com,0
prj.metapress.com,0
www.pph.uem.br,0
inva.allenpress.com,0
jb.oupjournals.org,0
ejc.revuesonline.com,0
jba.sagepub.com,0
www.futuribles-revue.com,0
bjc.oupjournals.org,0
smj.rsmjournals.com,0
bjps.oupjournals.org,0
www.ashimagebank.org,0
msl.rsmjournals.com,0
jigpal.oxfordjournals.org,0
molinterv.aspetjournals.org,0
jms.rsmjournals.com,0
www.cerebrospinalfluidresearch.com,0
tih.sagepub.com,0
www.ijcm.org.in,0
es.oupjournals.org,0
jvm.sagepub.com,0
www.ijoonline.com,0
mq.dukejournals.org,0
cer.sagepub.com,0
www.omicsonline.com,0
pa.oupjournals.org,0
peterlang.metapress.com,0
bjaesthetics.oupjournals.org,0
analusis.edpsciences.org,0
ajpadvan.physiology.org,0
ebx.sagepub.com,0
jis.oupjournals.org,0
nasn.allenpress.com,0
www.adv-radio-sci.net,0
shm.oupjournals.org,0
jpf.sagepub.com,0
www.ortho.oupjournals.org,0
eja.sagepub.com,0
www.expresspolymlett.com,0
www.indianjmedsci.org,0
www.akkrt.hu,0
forestry.oupjournals.org,0
www.heapol.oupjournals.org,0
logcom.oupjournals.org,0
nka.dukejournals.org,0
www.multilingual-matters.net,0
ijrl.oupjournals.org,0
jaar.oupjournals.org,0
sas.sagepub.com,0
survival.oupjournals.org,0
jel.oxfordjournals.org,0
med.annualreviews.org,0
ijd.sagepub.com,0
jhmas.oupjournals.org,0
www.fruits-journal.org,0
www.mutage.oxfordjournals.org,0
fh.oupjournals.org,0
www.bonekey-ibms.org,0
bybil.oxfordjournals.org,0
www.jpepsy.oupjournals.org,0
journal.nafo.int,0
ejil.oupjournals.org,0
adh.sagepub.com,0
erevista.aepia.org,0
tmt.sagepub.com,0
www.peacta.org,0
www.saudiannals.net,0
adr.sagepub.com,0
jdh.oupjournals.org,0
joe.sagepub.com,0
sih.sagepub.com,0
fhs.dukejournals.org,0
alrr.oxfordjournals.org,0
phleb.rsmjournals.com,0
www.osli.com,0
intqhc.oupjournals.org,0
screen.oupjournals.org,0
jrs.oupjournals.org,0
litthe.oupjournals.org,0
poeticstoday.dukejournals.org,0
jesa.revuesonline.com,0
biochem.annualreviews.org,0
hwj.oupjournals.org,0
imp.sagepub.com,0
jss.oupjournals.org,0
msom.journal.informs.org,0
afraf.oupjournals.org,0
www.aisf.it,0
ult.rsmjournals.com,0
www.heapro.oupjournals.org,0
adb.sagepub.com,0
jurban.oupjournals.org,0
www.ata-journal.org,0
www.rairo-ita.org,0
sajg.geoscienceworld.org,0
www.indianjcancer.com,0
ijl.oupjournals.org,0
lshss.asha.org,0
tse.sagepub.com,0
ajslp.asha.org,0
www.ijps.org,0
revistadeindias.revistas.csic.es,0
imaman.oxfordjournals.org,0
yielaw.oxfordjournals.org,0
imammb.oxfordjournals.org,0
www.reciis.cict.fiocruz.br,0
sda.revuesonline.com,0
www.jiaps.com,0
tsi.revuesonline.com,0
div13perspectives.asha.org,0
www.tipbilimleri.turkiyeklinikleri.com,0
ccrh.revues.org,0
www.heapol.oxfordjournals.org,0
www.vjol.info,0
nsg.eage.org,0
www.linguistiquefrancaise.org,0
mlj.rsmjournals.com,0
jmicro.oupjournals.org,0
www.saudijgastro.com,0
jhm.sagepub.com,0
proceedings.icultrasonics.org,0
jiel.oupjournals.org,0
ijl.sagepub.com,0
mplant.oxfordjournals.org,0
bfgp.oxfordjournals.org,0
erm.ersjournals.com,0
www.cancerimaging.org,0
cje.oupjournals.org,0
smallaxe.dukejournals.org,0
web.jbjs.org.uk,0
www.heapro.oxfordjournals.org,0
www.molmed.org,0
www.acta-endo.ro,0
www.annalssurgicaloncology.org,0
www.earth-science.net,0
jicj.oupjournals.org,0
www.journalofpediatricophthalmology.com,0
imammb.oupjournals.org,0
nd2007.edpsciences.org,0
pds.sagepub.com,0
www.turpion.org,0
www.ksabc.or.kr,0
ilj.oupjournals.org,0
library.oupjournals.org,0
www.canmin.org,0
camqtly.oupjournals.org,0
qjmath.oupjournals.org,0
lookup.sciencedirect.com,0
bcpg.geoscienceworld.org,0
acsm.revuesonline.com,0
www.dcjournal.ca,0
www.mollus.oupjournals.org,0
www.scihub.org,0
trn.lyellcollection.org,0
oxrep.oupjournals.org,0
pg.lyellcollection.org,0
novel.dukejournals.org,0
rmpd.revuesonline.com,0
ojls.oupjournals.org,0
ojps.aip.org,0
pwm.sagepub.com,0
eeg.geoscienceworld.org,0
gbr.sagepub.com,0
cq.oupjournals.org,0
ento.annualreviews.org,0
remn.revuesonline.com,0
www.dmphp.org,0
histoire-cnrs.revues.org,0
www.vetres.org,0
jgi.camh.net,0
remi.revues.org,0
jigpal.oupjournals.org,0
micro.annualreviews.org,0
hgs.oupjournals.org,0
jvmeonline.org,0
bjarev.oxfordjournals.org,0
div2perspectives.asha.org,0
imanum.oupjournals.org,0
jhv.sagepub.com,0
qjmam.oupjournals.org,0
ijpor.oupjournals.org,0
div11perspectives.asha.org,0
imamat.oupjournals.org,0
vzj.scijournals.org,0
pharmtox.annualreviews.org,0
www.journalofnursingeducation.com,0
emerita.revistas.csic.es,0
ssh.dukejournals.org,0
app.psychonomic-journals.org,0
immunol.annualreviews.org,0
jmems.dukejournals.org,0
publhealth.annualreviews.org,0
www.ifo.lviv.ua,0
www.itpa.lt,0
jsm.sagepub.com,0
cro.sagepub.com,0
icon.oxfordjournals.org,0
jel.oupjournals.org,0
jfe.sagepub.com,0
journals.witpress.com,0
cit.zesoi.fer.hr,0
cb.oxfordjournals.org,0
eic.oupjournals.org,0
nutr.annualreviews.org,0
clp.oxfordjournals.org,0
www.journalofathletictraining.org,0
www.rairo-ro.org,0
phyto.annualreviews.org,0
div1perspectives.asha.org,0
www.mollus.oxfordjournals.org,0
cdj.oupjournals.org,0
ria.revuesonline.com,0
www.pg.utfpr.edu.br,0
pubs.nrc-cnrc.gc.ca,0
sae.sagepub.com,0
tao.cgu.org.tw,0
shm.sagepub.com,0
hsx.sagepub.com,0
gmt.sagepub.com,0
www.jpnonline.com,0
oaj.oxfordjournals.org,0
cabn.psychonomic-journals.org,0
ecl.dukejournals.org,0
elpub.wdcb.ru,0
teamat.oupjournals.org,0
www.biij.org,0
www.jcenonline.com,0
eurheartj.oupjournals.org,0
hwmaint.minnesotareview.dukejournals.org,0
tp.revistas.csic.es,0
erae.oupjournals.org,0
ptr.oupjournals.org,0
hsmr.rsmjournals.com,0
www.esaim-ps.org,0
www.impub.co.uk,0
www.mmnp-journal.org,0
chinesejil.oxfordjournals.org,0
jiel.oxfordjournals.org,0
neuro.annualreviews.org,0
dose-response.metapress.com,0
physchem.annualreviews.org,0
rjb.revistas.csic.es,0
www.biology-direct.com,0
genet.annualreviews.org,0
biophys.annualreviews.org,0
plant.annualreviews.org,0
ecolsys.annualreviews.org,0
hwmaint.genre.dukejournals.org,0
www.eas-journal.org,0
www.jognonline.com,0
www.pediatricsupersite.com,0
oep.oupjournals.org,0
tcbh.oupjournals.org,0
cameraobscura.dukejournals.org,0
msh.revues.org,0
div12perspectives.asha.org,0
www.dymat-proceedings.org,0
www.jlps.gr.jp,0
div4perspectives.asha.org,0
www.mattech-journal.org,0
www.future-drugs.com,0
lettre-cdf.revues.org,0
ssjj.oupjournals.org,0
ce.rsmjournals.com,0
fairmontpress.metapress.com,0
icc.oupjournals.org,0
japr.fass.org,0
www.j3ea.org,0
rige.revuesonline.com,0
www.ppgecologia.biologia.ufrj.br,0
div16perspectives.asha.org,0
jbiol.com,0
www.agraria.pro.br,0
www.psocommons.org,0
bmb.oupjournals.org,0
web.math.hr,0
www.global-sci.org,0
psych.annualreviews.org,0
aja.asha.org,0
jhc.oxfordjournals.org,0
pg.geoscienceworld.org,0
soc.annualreviews.org,0
www.annalsofneurosciences.org,0
als.dukejournals.org,0
com.revues.org,0
imamci.oupjournals.org,0
revista.uepb.edu.br,0
www.biologie-journal.org,0
biostatistics.oupjournals.org,0
jpt.sagepub.com,0
mhj.sagepub.com,0
matsci.annualreviews.org,0
jcs.oxfordjournals.org,0
omega.jstor.org,0
earth.annualreviews.org,0
www.jprosthodont.com,0
www.journalofmas.com,0
fluid.annualreviews.org,0
cswe.metapress.com,0
fas.sagepub.com,0
jncicancerspectrum.oupjournals.org,0
geea.geoscienceworld.org,0
ejece.revuesonline.com,0
www.amj.net.au,0
www.doiserbia.nbs.bg.ac.yu,0
www.fisheriessciences.com,0
www.psychiatricannalsonline.com,0
estudiosgeograficos.revistas.csic.es,0
imaman.oupjournals.org,0
www.hosppract.com,0
lapurdum.revues.org,0
www.aece.ro,0
www.agronomy.it,0
www.proteomesci.com,0
cmos.metapress.com,0
jri.sagepub.com,0
www.pedresearch.org,0
ccm.sagepub.com,0
jmb.rsmjournals.com,0
mq.oupjournals.org,0
past.oupjournals.org,0
www.global-sci.com,0
oaj.oupjournals.org,0
intranet.gs.kku.ac.th,0
www.turkishneurosurgery.org.tr,0
geo.revuesonline.com,0
sexualities.sagepub.com,0
iufost.edpsciences.org,0
jrosspub.metapress.com,0
jds.revuesonline.com,0
rcma.revuesonline.com,0
regc.revuesonline.com,0
www.ann-clinmicrob.com,0
asp.revues.org,0
www.mbcb-journal.org,0
micropal.geoscienceworld.org,0
www.cadanda.com,0
www.biosignaling.com,0
www.lmcs-online.org,0
www.jeos.org,0
dn.revuesonline.com,0
gr.oupjournals.org,0
cellbio.annualreviews.org,0
www.nss-journal.org,0
virtualexplorer.com.au,0
energy.annualreviews.org,0
rdtp.revistas.csic.es,0
targetedproteinsdb.com,0
jhc.oupjournals.org,0
philjol.org,0
iab.sagepub.com,0
www.aaohnjournal.com,0
ajs.uwpress.org,0
jae.oupjournals.org,0
www.indianjnephrol.org,0
www.pp.bme.hu,0
astro.annualreviews.org,0
www.mecanique-industries.org,0
ds.revuesonline.com,0
ppe.sagepub.com,0
apex.jsap.jp,0
qshc.bmj.com,0
www.radiologycases.com,0
connection2.ebscohost.com,0
cmlj.oxfordjournals.org,0
div3perspectives.asha.org,0
www.headandneckoncology.org,0
2657.indexcopernicus.com,0
jsd.sagepub.com,0
nucl.annualreviews.org,0
rfgc.revuesonline.com,0
smj.sagepub.com,0
vascular.rsmjournals.com,0
www.annalsafrmed.org,0
www.gnss.com.au,0
jeeg.geoscienceworld.org,0
www.ijddc.com,0
tia.sagepub.com,0
www.annals.in,0
www.journal-inflammation.com,0
ecr.sagepub.com,0
www.greenpharmacy.info,0
plt.sagepub.com,0
www.polymer-process.com,0
aamr.allenpress.com,0
lawfam.oupjournals.org,0
pirineos.revistas.csic.es,0
revistas.facecla.com.br,0
www.tutfd.org,0
jleo.oupjournals.org,0
www.anesthesiaprogress.org,0
www.aott.org.tr,0
www.general-hospital-psychiatry.com,0
www.ijhg.com,0
esr.oupjournals.org,0
jancl.revuesonline.com,0
www.reactome.org,0
www.soc-bdr.org,0
scielo.iec.pa.gov.br,0
www.hydroecologie.org,0
www.pg.cefetpr.br,0
jmt.sagepub.com,0
www.jcytol.org,0
www.journalofmaps.com,0
www.ebr-journal.org,0
crd.sagepub.com,0
pbr.psychonomic-journals.org,0
www.itiis.org,0
www.journal.chemistrycentral.com,0
ijfp.revuesonline.com,0
rsm.sagepub.com,0
test.scielo.br,0
trema.revues.org,0
www.ijoem.com,0
www.pediatricneurosciences.com,0
www.dialogos.uem.br,0
www.ambi-agua.net,0
ijlit.oupjournals.org,0
mpj.sagepub.com,0
objet.revuesonline.com,0
tou.sagepub.com,0
www.ashdin.com,0
geodinamica.revuesonline.com,0
www.fwspubs.org,0
www.jmp.org.in,0
www.symposium.cshlp.org,0
www.functionalglycomics.org,0
dms.sagepub.com,0
div14perspectives.asha.org,0
ges.revuesonline.com,0
www.occup-med.com,0
pads.dukejournals.org,0
www.dairy-journal.org,0
acter.metapress.com,0
www.jpalliativecare.com,0
www.aedj.in,0
www.asiapharmaceutics.info,0
www.jyoungpharm.in,0
emg.geoscienceworld.org,0
imaging.birjournals.org,0
jrma.oxfordjournals.org,0
nass.oupjournals.org,0
www.hrp.oupjournals.org,0
www.neuraldevelopment.com,0
aespa.revistas.csic.es,0
div9perspectives.asha.org,0
jmt.dukejournals.org,0
www.jmb.or.kr,0
www.ijcir.com,0
mmcts.ctsnetjournals.org,0
www.issoonline.com,0
www.orthodfr.org,0
www.arquitetura.eesc.usp.br,0
www.revue-metallurgie.org,0
www.aos-journal.org,0
www.eur-j-ophthalmol.com,0
histoiremesure.revues.org,0
methodos.revues.org,0
tak.sagepub.com,0
www.f1000biology.com,0
www.gastrores.org,0
comparativelaw.metapress.com,0
www.f1000medicine.com,0
div10perspectives.asha.org,0
rpc.oxfordjournals.org,0
tr.ietejournals.org,0
kb.psi-structuralgenomics.org,0
www.cytojournal.com,0
dcm.sagepub.com,0
ecam.oxfordjournals.org,0
portal.rina.org.uk,0
obmed.rsmjournals.com,0
da.journal.informs.org,0
jpart.oupjournals.org,0
rmg.geoscienceworld.org,0
www.jhoonline.org,0
www.nucleus.feituverava.com.br,0
isn.zrc-sazu.si,0
cpcj.allenpress.com,0
iclq.oupjournals.org,0
lpr.oxfordjournals.org,0
www.carcinogenesis.com,0
etudescaribeennes.revues.org,0
tar.sagepub.com,0
www.afrjpaedsurg.org,0
www.ijstd.org,0
cvm.controlled-trials.com,0
ipsstgapp003.lwwonline.com,0
www.thrombosisjournal.com,0
www.trjfas.org,0
cbi.sagepub.com,0
clinicalschizophrenia.metapress.com,0
dtb.highwire.org,0
wom.sagepub.com,0
www.chiroandosteo.com,0
ecc.sagepub.com,0
www.comparative-hepatology.com,0
www.standardsingenomics.org,0
www.osa-jon.org,0
jmb.inforang.com,0
www.neuroscience-gateway.org,0
www.mla.vgtu.lt,0
www.aaqr.org,0
www.policy-perspectives.org,0
exm.sagepub.com,0
jos.oupjournals.org,0
www.celldiv.com,0
www.jomfp.in,0
jtopol.oxfordjournals.org,0
www.jgid.org,0
educationbook.aacrjournals.org,0
www.resource-allocation.com,0
www.coactivity.vgtu.lt,0
www.jr.ietejournals.org,0
www.ijmpo.org,0
acrh.revues.org,0
www.jnanobiotechnology.com,0
www.lamjol.info,0
www.medicrit.com,0
www.pccj.eu,0
www.ptjournal.org,0
emf.sagepub.com,0
www.diagnosisp.com,0
div15perspectives.asha.org,0
jcsl.oupjournals.org,0
jrsa.metapress.com,0
lb.psychonomic-journals.org,0
rts.revuesonline.com,0
si-pddr.si.edu,0
tag.sagepub.com,0
www.ojoonline.org,0
content.the-jci.org,0
mc.psychonomic-journals.org,0
www.ital.sp.gov.br,0
www.jistem.fea.usp.br,0
gan.sagepub.com,0
aghist.metapress.com,0
photonics.pl,0
www.dusunenadamdergisi.org,0
jhj.sagepub.com,0
pan.oupjournals.org,0
afsjournals.org,0
mwc.sagepub.com,0
fireecology.net,0
www.annalspc.com,0
aler.oupjournals.org,0
moh.sagepub.com,0
www.ajts.org,0
www.studiesinmycology.org,0
ajc.sagepub.com,0
aler.oxfordjournals.org,0
www.btp.vgtu.lt,0
www.oecologiaaustralis.org,0
www.medecine-nutrition.org,0
www.transformativestudies.org,0
qirt.revuesonline.com,0
www.arts.ualberta.ca,0
www.ipabhi.org,0
www.ekoloji.com.tr,0
www.ijsimm.com,0
www.jisponline.com,0
jeq.scijournals.org,0
www.jafib.com,0
div5perspectives.asha.org,0
trn.sagepub.com,0
www.wildlifejournals.org,0
sfo.edpsciences.org,0
www.ecancermedicalscience.com,0
www.online-journals.org,0
eshremonographs.oupjournals.org,0
www.scideanews.com,0
aee.metapress.com,0
ampe.allenpress.com,0
irap.oupjournals.org,0
wber.oupjournals.org,0
www.turkpediatriarsivi.com,0
labinvest.uscapjournals.org,0
brm.psychonomic-journals.org,0
www.agronomyjournal.it,0
www.arjournals.org,0
www.jnephrol.com,0
www.mercator.ufc.br,0
www.vaccineveritas.com,0
www.cnpf.embrapa.br,0
www.rjlm.ro,0
cas.sagepub.com,0
ao4elt.edpsciences.org,0
ogst.edpsciences.org,0
www.geologija-revija.si,0
www.jhrsonline.org,0
www.nwpii.com,0
www.phcogres.com,0
www.bjrbe.vgtu.lt,0
modpath.uscapjournals.org,0
asees.water-quality-journal.org,0
shortreports.rsmjournals.com,0
www.jcrpe.org,0
www.mdpi.org,0
ateliers.revues.org,0
www.clinicalmolecularallergy.com,0
www.jcasonline.com,0
www.molecularcytogenetics.org,0
www.qjps.com,0
geronj.oxfordjournals.org,0
www.gvt-journal.com,0
www.mjhid.org,0
www.permi.or.id,0
bjarev.oupjournals.org,0
div6perspectives.asha.org,0
mar.sagepub.com,0
ocean.kisti.re.kr,0
plazayvaldes.metapress.com,0
www.geronurseresearch.com,0
faoj.wordpress.com,0
www.pvrireview.org,0
reseaux.revuesonline.com,0
www.jvetintmed.org,0
giam.zrc-sazu.si,0
iqq.sagepub.com,0
journals.dartmouth.edu,0
www.isgucdergi.org,0
www.turkjpath.org,0
pensoftonline.net,0
www.noropsikiyatriarsivi.com,0
www.jcircadianrhythms.com,0
www.rakenduslingvistika.ee,0
eurp.books.officelive.com,0
jmbe.bme.ncku.edu.tw,0
rphr.endojournals.org,0
www.aquaticinvasions.ru,0
www.jpbsonline.org,0
www.ufrr.br,0
www.atshc.com,0
www.nursa.org,0
ejcm.revuesonline.com,0
res.oupjournals.org,0
sad.sagepub.com,0
www.filariajournal.com,0
www.physmathcentral.com,0
jaa.sagepub.com,0
jncimonographs.oxfordjournals.org,0
www.eurjchem.com,0
www.growingscience.com,0
www.ijpm.info,0
www.ijsmdo.org,0
www.neutron-sciences.org,0
www.stephan-mueller-spec-publ-ser.net,0
crc.sagepub.com,0
lithosphere.gsapubs.org,0
sp.oupjournals.org,0
sra.sagepub.com,0
www.i-journals.org,0
arbs.biblioteca.unesp.br,0
cest.allenpress.com,0
chinese.sophiapublisher.com,0
mmd.sagepub.com,0
www.jemrest.org,0
www.potravinarstvo.com,0
www.proteinscience.org,0
www.ajkd.org,0
www.tndt.org,0
www.aapspharmscitech.org,0
ejee.revuesonline.com,0
www.jmolecularsignaling.com,0
www.theoryofcomputing.org,0
www.epi-perspectives.com,0
emscat.revues.org,0
ser.oupjournals.org,0
www.jaim.in,0
www.otjronline.com,0
www.salinesystems.org,0
poq.oupjournals.org,0
www.jdao-journal.org,0
www.saudija.org,0
prof.kau.edu.sa,0
irm.sagepub.com,0
jld.sagepub.com,0
www.sjruraldevelopment.org,0
journal.managementinhealth.com,0
clinicaltrials.ploshubs.org,0
geea.lyellcollection.org,0
uvx.edpsciences.org,0
www.aspajournal.it,0
www.atmospolres.com,0
www.i-asr.com,0
www.elogistics-journal.de,0
www.jatm.com.br,0
www.earthscanjournals.com,0
www.acadsci.fi,0
www.ijtrichology.com,0
www.jbppni.com,0
www.jdcr.eu,0
jwb.sagepub.com,0
www.ijos.org.cn,0
www.lelait-journal.org,0
www.smarttjournal.com,0
jfec.oupjournals.org,0
www.cababstractsplus.org,0
www.cocukenfeksiyon.org,0
www.coughjournal.com,0
www.jibtherapies.com,0
www.ovarianresearch.com,0
www.gsajournals.org,0
bcn.sagepub.com,0
ecotoxbrasil.org.br,0
cpe.oupjournals.org,0
www.ejh.it,0
www2.us.elsevierhealth.com,0
ars.sagepub.com,0
ebd.sagepub.com,0
www.eajm.org,0
lpr.oupjournals.org,0
tam.sagepub.com,0
www.aas.net.cn,0
www.esaim-proc.org,0
elt.metapress.com,0
epirev.oupjournals.org,0
lcn.revuesonline.com,0
sch.sagepub.com,0
www.astrophys-space-sci-trans.net,0
www.jiaomr.org,0
caaa.metapress.com,0
cpe.oxfordjournals.org,0
ijcp.rsmjournals.com,0
jurban.oxfordjournals.org,0
www.amlett.com,0
www.immunome-research.com,0
www.maccs.mq.edu.au,0
www.vetpathology.org,0
www.hsag.co.za,0
ietisy.oxfordjournals.org,0
solidwaste.metapress.com,0
www.asnneuro.org,0
atalaya.revues.org,0
www.jnrlse.org,0
div7perspectives.asha.org,0
sdm.revuesonline.com,0
www.ecotoxbrasil.org.br,0
www.iahr.net,0
www.pnwfungi.org,0
agron.scijournals.org,0
www.joci.ecu.edu,0
www.wjon.org,0
www.base.unisinos.br,0
www.revistafilosofia.unisinos.br,0
www.f1000.com,0
www.ifi.unicamp.br,0
www.stewartpostharvest.com,0
www.urogynaecologia.it,0
ams.allenpress.com,0
psyc.queensu.ca,0
tau.sagepub.com,0
www.cgames.com.sg,0
www.clefscea.fr,0
www.contempclindent.org,0
crop.scijournals.org,0
jmb.or.kr,0
ojrrp.org,0
www.ijoy.org.in,0
www.jlponline.org,0
www.revistaneurociencias.com.br,0
economicgeology.org,0
icu.sagepub.com,0
www.jaas.org.uk,0
eurheartjsupp.oupjournals.org,0
ht.rsmjournals.com,0
imrp.oxfordjournals.org,0
jfa.arch.metu.edu.tr,0
journals.cms.math.ca,0
wbro.oupjournals.org,0
www.remedicajournals.com,0
www.ulusalcerrahidergisi.org,0
www.uniodf-journal.org,0
www.ejomr.org,0
www.ijaronline.com,0
www.jcdronline.com,0
dossiersgrihl.revues.org,0
names.edpsciences.org,0
spica.edpsciences.org,0
www.choregia.org,0
www.ijvss.maftree.org,0
www.industrialpsychiatry.org,0
BSG002434,0
staging.extenza-eps.com,0
www.historicbrass.org,0
www.isguc.org,0
www.kinetoplastids.com,0
www.traumamanagement.org,0
www.cjmenet.com.cn,0
www.jpharmacol.com,0
www.turkurolojiseminerleri.com,0
www.jstcr.org,0
www.quadrature-journal.org,0
www.ria-online.com,0
rmmc.eas.asu.edu,0
www.science-motricite.org,0
www.thelsjm.com,0
www.estudostecnologicos.unisinos.br,0
www.skt.vgtu.lt,0
mec.sagepub.com,0
sth.revuesonline.com,0
www.artificial-organs.com,0
www.ej.eng.chula.ac.th,0
www.jivresearch.org,0
www.roboticpublications.com,0
www.ruralneuropractice.com,0
revisionpublishing.metapress.com,0
www.psychosocial-intervention.org,0
www.socpvs.org,0
thebalticyearbook.org,0
www.jastmag.org,0
nips.physiology.org,0
www.iesc-proceedings.org,0
www.rechtd.unisinos.br,0
www.fronteiras.unisinos.br,0
cq.oxfordjournals.org,0
dl.acs.org.au,0
www.asir-journal.com,0
www.thermalfluidscentral.org,0
www.thyroidresearchjournal.com,0
she.literatumonline.com,0
div8perspectives.asha.org,0
ogst.ifpenergiesnouvelles.fr,0
www.jangiogenesis.com,0
www.tobaccoscienceonline.org,0
www.contextosclinicos.unisinos.br,0
crocontent.highwire.org,0
eurjhfsupp.oxfordjournals.org,0
www.etp-journal.org,0
www.klimikdergisi.org,0
www.mongoliajol.info,0
www.soc-geogr.net,0
crcv.revues.org,0
discours.revues.org,0
www.biologicalproceduresonline.com,0
www.ibc7.org,0
www.jcps.ac.cn,0
www.math.klte.hu,0
www.opuluspress.se,0
www.soc-geogr-discuss.net,0
aobplants.oxfordjournals.org,0
eng.tethys.cat,0
tae.sagepub.com,0
technopress.kaist.ac.kr,0
www.chinesebirds.net,0
www.jautoimdis.com,0
www.med-ed-online.org,0
www.phcogj.com,0
www.revistaclinicacontemporanea.org,0
www.turknoropsikiyatri.org,0
www.est.vgtu.lt,0
eml.kim.or.kr,0
eshremonographs.oxfordjournals.org,0
r2ie.revuesonline.com,0
www.drink-water-eng-sci-discuss.net,0
www.etsmjournal.com,0
www.irere.net,0
rmi.sagepub.com,0
rrn.sagepub.com,0
www.aeronline.org,0
www.caves.org,0
www.ejbiotechnology.equipu.cl,0
www.sv-jme.eu,0
intangiblecapital.org,0
bio.sophiapublisher.com,0
bmj.org,0
diaRnet.metapress.com,0
www.biologyofexercise.com,0
www.jexpclinassistreprod.com,0
jms.bmjjournals.com,0
icon.oupjournals.org,0
inga.vgtu.lt,0
pages.unibas.ch,0
www.jfbi.org,0
www.jfds.org,0
purl.utwente.nl,0
www.atlas-publishing.org,0
www.j-biomed-discovery.com,0
pub.lex-localis.info,0
telerehab.pitt.edu,0
www.electronic-earth-discuss.net,0
www.humanpub.org,0
www.seer.furg.br,0
www.versoereverso.unisinos.br,0
www.arquiteturarevista.unisinos.br,0
www.gaea.unisinos.br,0
developer.intel.com,0
www.biomagres.com,0
www.drink-water-eng-sci.net,0
www.sysrevpharm.org,0
articleworks.cadmus.com,0
saliniana.com.ba,0
www.geologia-croatica.hr,0
accperspectives.asha.org,0
jps.library.utoronto.ca,0
www.cuaj.ca,0
www.jaaha.org,0
www.jmidlifehealth.org,0
www.rei.unipg.it,0
soil.scijournals.org,0
e-elgar.metapress.com,0
jrma.oupjournals.org,0
casesjournal.com,0
www.aapsj.org,0
www.bio-diglib.com,0
www.genomemedicine.com,0
www.ijnm.in,0
www.landscapeonline.de,0
alh.oupjournals.org,0
www.iesna.org,0
www.jrnjournal.org,0
www.perspectivaeconomica.unisinos.br,0
biomed.papers.upol.cz,0
diagnosisp.com,0
jognn.awhonn.org,0
nmletters.org,0
www.archivosdemedicina.com,0
www.dentalhypotheses.com,0
www.gynecendoscopy.org,0
www.healthcare-bulletin.com,0
www.jaemcr.com,0
www.jeep-proceedings.org,0
www.nmletters.org,0
www.sportlogia.com,0
www.vindicomeded.com,0
philmat.oupjournals.org,0
eua.sagepub.com,0
wpll-journal.metapress.com,0
www.jbem.vgtu.lt,0
www.logicandanalysis.com,0
www.ttvam.lt,0
digital.library.ptsem.edu,0
nlnjournals.org,0
reef.revuesonline.com,0
tjr.org.tr,0
www.eht-forum.org,0
www.hepatitisbannual.org,0
www.kinderkrebsinfo.de,0
www.logistics-journal.de,0
www.tjr.org.tr,0
symposia.biochemistry.org,0
www.ejobios.com,0
www.jcvjs.com,0
www.nuclear-receptor.com,0
www.turkdermatolojidergisi.com,0
www.wrs.upv.es,0
fsb.oupjournals.org,0
hii.rsmjournals.com,0
jafib.com,0
www.electronic-earth.net,0
www.fyhe.com.au,0
www.genomeintegrity.com,0
www.mcpharmacol.com,0
www.metrology-journal.org,0
www.online.karger.com,0
www.silencejournal.com,0
www.uhod.org,0
nanobe.org,0
www.papersinphysics.org,0
gos.sagepub.com,0
jnabs.allenpress.com,0
journals.royalsociety.org,0
medpet.journal.ipb.ac.id,0
plastox.edpsciences.org,0
www.biological-markers.com,0
www.ifosslr.org,0
www.jnatpharm.org,0
www.marsjournal.org,0
www.mathematica-journal.com,0
www.medimmunol.com,0
www.sbgoztepehastanesi.gov.tr,0
medlaw.oupjournals.org,0
writsy.oxfordjournals.org,0
cgb.indiana.edu,0
www.anmjournal.com,0
www.turkpsikiyatri.com,0
deleted.doi.org,0
www.pedijatrijadanas.com,0
gr.oxfordjournals.org,0
ietfec.oxfordjournals.org,0
schizophreniabulletin.oupjournals.org,0
tah.sagepub.com,0
www.aiaee.org,0
www.dst.uff.br,0
www.japtr.org,0
www.jhna.org,0
www.tparazitolderg.org,0
chinesejil.oupjournals.org,0
nms.dongguk.ac.kr,0
abm.digitaljournals.org,0
bsj.pitt.edu,0
ccl.sagepub.com,0
ietele.oxfordjournals.org,0
www.field-actions-sci-rep.net,0
www.fluidsbarrierscns.com,0
www.iasks.org,0
www.pnrjournal.com,0
www.portalabpg.org.br,0
ceta.mit.edu,0
jidc.crs4.it,0
i2m.revuesonline.com,0
irg.sagepub.com,0
mj.oupjournals.org,0
pavel.striz.cz,0
ts.revuesonline.com,0
www.cellandbioscience.com,0
www.cloudcomputingconf.org,0
www.coalcgp-journal.org,0
www.ijsa.net,0
www.jidonline.com,0
joc.oupjournals.org,0
ehe.pitt.edu,0
jeg.oupjournals.org,0
www.aijcr.com,0
www.antiox.org,0
www.ejbiotechnology.cl,0
www.jsswr.org,0
blackwell-synergy.com,0
ejh.pagepress.org,0
www.agbiotech.or.kr,0
lepr.allenpress.com,0
slr.oupjournals.org,0
www.biomedres.org,0
www.herpesviridae.org,0
www.jsystchem.com,0
www.seminhematol.org,0
www.surgisphere.com,0
ard.bmjjournals.com,0
journal.unila.ac.id,0
journals.math.tku.edu.tw,0
onlinetog.org,0
www.icmp.lviv.ua,0
www.ijsmart.eu,0
www.jeelm.vgtu.lt,0
www.surv-perspect-integr-environ-soc.net,0
jncimonographs.oupjournals.org,0
ioj.iee.org.uk,0
jicp.rsmjournals.com,0
lib.bioinfo.pl,0
plantgenome.scijournals.org,0
www.jpedsurg.org,0
www.tpa.vgtu.lt,0
brief-treatment.oxfordjournals.org,0
ietcom.oxfordjournals.org,0
insightknowledge.co.uk,0
joi.sagepub.com,0
reg.gsapubs.org,0
www.cellandchromosome.com,0
www.clinam.org,0
www.dcyogunbakim.org,0
www.i-dust.org,0
www.jcem.vgtu.lt,0
www.kbbihtisas.org,0
www.onlinejet.net,0
www.pathogeneticsjournal.com,0
www.phmethods.org,0
www.polish.polar.pan.pl,0
www.prefixjournal.org,0
www.rivistaurologia.it,0
www.transport.vgtu.lt,0
jdao-journal.edpsciences.org,0
novissimo.periodicos.ufsc.br,0
www.bentham-direct.org,0
bjft.ital.sp.gov.br,0
ddi.icpsr.umich.edu,0
labmedonline.org,0
ricoeur.pitt.edu,0
sas.revuesonline.com,0
www.bakirkoytip.org,0
www.ijmedph.org,0
www.origins-and-evolution.org,0
www.scipub.org,0
www.tede.vgtu.lt,0
www.vjol.info.vn,0
fcr.sagepub.com,0
jftonline.org,0
www.anthrosource.net,0
www.cmwf.org,0
www.picronline.org,0
greentheoryandpraxis.ecopedagogy.org,0
lebs.hbesj.org,0
site.aev.intranet,0
www.e-jfcm.com,0
www.intangiblecapital.org,0
ast.sagepub.com,0
ecam.oupjournals.org,0
josis.org,0
nts1.cgu.cz,0
www.aejournal.net,0
www.clinicalhandjournal.org,0
www.innovationandentrepreneurship.net,0
www.nozomiscience.org,0
www.rcjournal.com,0
ojs.hup.harvard.edu,0
preproduction2.bepress.com,0
vfu-www.vfu.cz,0
acta.zbs.bialowieza.pl,0
jped.conectt.com.br,0
www.biophysj.org,0
www.cellbiolintrep.org,0
www.tard.gen.tr,0
ceramicayvidrio.revistas.csic.es,0
fn.bmjjournals.com,0
genetics.plosjournals.org,0
jcle.oupjournals.org,0
jphyscol.journaldephysique.org,0
pid.nci.nih.gov,0
publications.australianmuseum.net.au,0
www.biosciencetrends.com,0
www.clinicalimagingscience.org,0
www.ddtjournal.com,0
www.europsych.net,0
www.homolog.scielo.br,0
www.jpdt.org,0
www.labmedonline.org,0
www.neuralsystemsandcircuits.com,0
www.vascularcell.com,0
community.sciencecareers.org,0
hsa.sagepub.com,0
ijra.univpm.it,0
www.asage.org,0
www.asmjournals.org,0
www.biologicalprocedures.com,0
www.dvdres.com,0
www.ehealthinternational.org,0
www.revistaalzheimer.com,0
www.sbkb.org,0
www.xatypon.com,0
www.jofem.org,0
www.lei.furg.br,0
www.sjovs.org,0
www.joms.org,0
adc.bmjjournals.com,0
afs.allenpress.com,0
e-eht.org,0
heart.bmjjournals.com,0
james.agu.org,0
opr.sagepub.com,0
rig.revuesonline.com,0
staging.www.jcronline.org,0
stemcells.alphamedpress.org,0
www.aapspharmsci.org,0
www.jos.org.cn,0
www.journals.royalsoc.ac.uk,0
gut.bmjjournals.com,0
deposit.crossref.org,0
ijtmb.com,0
newsroom.spie.org,0
www.armaes.am,0
www.clinicalimagingjournal.com,0
www.seminarsinradiologictechnology.com,0
alanguttmacher.org,0
www.aried.info,0
www.ijoticat.com,0
www.jabb.biz,0
www.jhandsurg.org,0
ei.oxfordjournals.org,0
medicine.plosjournals.org,0
thorax.bmjjournals.com,0
www.eurojnlofpsychotraumatol.net,0
www.grandrounds-e-med.com,0
www.infectionecologyandepidemiology.net,0
www.intlpress.com,0
www.jraas.com,0
www.mechanicalcirculatorysupport.net,0
www.nafo.int,0
www.sbejournal.com,0
www.vard.org,0
www.widedu.com,0
imrs.oxfordjournals.org,0
ct.oupjournals.org,0
dx-stage.plos.org,0
www.pathogenetics.com,0
jevt.allenpress.com,0
marsjournal.org,0
select.ingentaconnect.com,0
www.ashley-pub.com,0
www.brainatlas.org,0
www.jnabs.org,0
www.nejlt.ep.liu.se,0
www.pvdirect-journal.org,0
www.jcbonline.org,0
www.ijls.org,0
www.neurores.org,0
ehpnet1.niehs.nih.gov,0
ojs.pharmadeals.net,0
pep.metapress.com,0
jmg.bmjjournals.com,0
preproduction.bepress.com,0
test1.la-press.com,0
www.ccaasmag.org,0
www.crbmb.com,0
www.elogistics-journal.com,0
www.korhek.org,0
www.logicandanalysis.org,0
www.oecologia.biologia.ufrj.br,0
www.scientificsocieties.org,0
www.sykepleien.no,0
cr3.crossref.org,0
galileo.atypon.com,0
technop.kaist.ac.kr,0
aas.aanda.org,0
BJ.ITAL.SP.GOV.BR,0
clinicaltrials.plosjournals.org,0
dev.wormbook.org,0
eco.confex.com,0
enth.allenpress.com,0
esameetings.allenpress.com,0
hwmaint.lofe.dukejournals.org,0
hwmaint.sph.sagepub.com,0
jkms.org,0
jncicancerspectrum.oxfordjournals.org,0
journal.insciences.org,0
journals.indexcopernicus.com,0
origin.cdc.gov,0
publications.iodp.org,0
rnd.edpsciences.org,0
royalsociety.metapress.com,0
semantics-online.org,0
test.doi.com,0
themarsjournal.com,0
www.anatomische-gesellschaft.de,0
www.ansijournals.com,0
www.asianspinejournal.org,0
www.aviation.vgtu.lt,0
www.babonline.org,0
www.cciv.cityu.edu.hk,0
www.cihs.edu,0
www.degruyter.de,0
www.ebmonline.org,0
www.escritosdepsicologia.es,0
www.inquiryjournalonline.org,0
www.maths.warwick.ac.uk,0
www.med-ed-online.net,0
www.revistapolimeros.org.br,0
www.scientificsocieties.com,0
www.worldscientific.com.sg,0
myblogs.informa.com,0
careersadmin.aaas.org,0
cshperspect.cshlp.org,0
ijmms.hindawi.com,0
jae.fp.expressacademic.org,0
jpr.scijournals.org,0
neville.atypon.com,0
plosone-stage.plos.org,0
rec.secardiologia.es,0
uchicago.literatumonline.com,0
ww.spie.org,0
www.ata-revue.org,0
www.bichemsoctrans.org,0
www.ibraorg.uk,0
admin.apsnet.org,0
aepia.aic.uniovi.es,0
ftp.stat.duke.edu,0
ietfec.oupjournals.org,0
ww.standardsingenomics.org,0
www.flowerkings.com,0
wwww.airccse.org,0
